student_id,gender,age,department_id,course_id,difficulty_level,semester_id,instructor_id,attendance_percentage,average_score,grade
1,Female,22,1,1,Easy,1,4,65,79.0,80
1,Female,22,1,2,Medium,1,4,66,66.66666666666667,76
1,Female,22,1,9,Medium,1,2,72,38.333333333333336,32
1,Female,22,1,7,Hard,1,5,40,40.333333333333336,32
1,Female,22,1,6,Medium,2,3,99,64.66666666666667,99
1,Female,22,1,9,Medium,2,3,66,75.0,50
1,Female,22,1,1,Easy,2,2,71,63.666666666666664,98
1,Female,22,1,1,Easy,3,3,49,37.666666666666664,33
1,Female,22,1,5,Hard,3,2,74,32.666666666666664,40
1,Female,22,1,6,Medium,3,3,72,74.66666666666667,93
2,Female,19,1,1,Easy,1,4,80,73.0,62
2,Female,19,1,9,Medium,1,2,63,41.333333333333336,39
2,Female,19,1,6,Medium,2,3,34,45.666666666666664,30
2,Female,19,1,1,Easy,2,2,70,72.33333333333333,96
2,Female,19,1,4,Hard,3,1,96,80.33333333333333,53
2,Female,19,1,1,Easy,3,3,74,76.66666666666667,97
2,Female,19,1,2,Medium,3,5,80,86.33333333333333,69
3,Female,21,1,5,Hard,1,2,80,68.66666666666667,88
3,Female,21,1,9,Medium,1,2,83,68.0,96
3,Female,21,1,10,Easy,1,4,81,82.66666666666667,93
3,Female,21,1,1,Easy,2,2,89,80.0,73
3,Female,21,1,10,Easy,2,4,87,74.33333333333333,81
3,Female,21,1,3,Hard,2,5,79,94.66666666666667,97
3,Female,21,1,1,Easy,3,3,87,78.66666666666667,71
3,Female,21,1,9,Medium,3,3,60,83.0,73
4,Male,24,1,8,Easy,1,1,73,83.66666666666667,64
4,Male,24,1,4,Hard,1,5,87,58.0,91
4,Male,24,1,9,Medium,1,2,68,72.33333333333333,86
4,Male,24,1,1,Easy,1,4,68,75.0,97
4,Male,24,1,10,Easy,2,4,56,47.333333333333336,46
4,Male,24,1,4,Hard,2,4,69,79.33333333333333,96
4,Male,24,1,2,Medium,2,5,86,70.0,96
4,Male,24,1,8,Easy,2,3,92,61.666666666666664,90
4,Male,24,1,6,Medium,3,3,97,82.0,87
4,Male,24,1,9,Medium,3,3,49,41.333333333333336,44
5,Female,23,1,9,Medium,1,2,77,78.0,66
5,Female,23,1,2,Medium,1,4,48,37.666666666666664,49
5,Female,23,1,7,Hard,1,5,62,90.66666666666667,92
5,Female,23,1,4,Hard,1,5,80,77.0,59
5,Female,23,1,5,Hard,2,1,63,62.0,67
5,Female,23,1,8,Easy,2,3,94,73.33333333333333,93
5,Female,23,1,6,Medium,2,3,66,43.333333333333336,48
5,Female,23,1,7,Hard,3,2,96,70.66666666666667,98
5,Female,23,1,8,Easy,3,2,71,80.0,96
5,Female,23,1,3,Hard,3,1,77,69.33333333333333,59
5,Female,23,1,2,Medium,3,5,68,78.66666666666667,78
5,Female,23,1,5,Hard,3,2,67,80.0,71
6,Male,22,1,2,Medium,1,4,85,69.33333333333333,87
6,Male,22,1,1,Easy,1,4,98,81.33333333333333,74
6,Male,22,1,6,Medium,1,4,87,69.33333333333333,95
6,Male,22,1,4,Hard,2,4,83,82.0,85
6,Male,22,1,8,Easy,2,3,51,44.666666666666664,42
6,Male,22,1,1,Easy,2,2,61,75.0,60
6,Male,22,1,7,Hard,2,3,96,75.33333333333333,51
6,Male,22,1,2,Medium,3,5,54,42.333333333333336,35
6,Male,22,1,8,Easy,3,2,71,70.0,71
6,Male,22,1,10,Easy,3,4,100,68.66666666666667,95
6,Male,22,1,5,Hard,3,2,66,67.0,59
7,Male,20,1,5,Hard,1,2,92,76.66666666666667,95
7,Male,20,1,4,Hard,1,5,75,64.33333333333333,87
7,Male,20,1,9,Medium,1,2,90,69.33333333333333,84
7,Male,20,1,3,Hard,2,5,78,75.66666666666667,70
7,Male,20,1,2,Medium,2,5,87,64.0,81
7,Male,20,1,7,Hard,2,3,41,34.666666666666664,34
7,Male,20,1,9,Medium,2,3,80,69.33333333333333,54
7,Male,20,1,3,Hard,3,1,46,38.0,37
7,Male,20,1,8,Easy,3,2,81,97.0,56
7,Male,20,1,5,Hard,3,2,50,37.666666666666664,47
7,Male,20,1,10,Easy,3,4,66,58.666666666666664,53
8,Female,19,1,7,Hard,1,5,97,73.33333333333333,79
8,Female,19,1,10,Easy,1,4,49,33.0,37
8,Female,19,1,3,Hard,1,4,98,79.0,86
8,Female,19,1,10,Easy,2,4,86,82.33333333333333,61
8,Female,19,1,9,Medium,2,3,69,69.66666666666667,54
8,Female,19,1,5,Hard,2,1,100,92.33333333333333,74
8,Female,19,1,2,Medium,2,5,94,76.66666666666667,97
8,Female,19,1,1,Easy,3,3,84,86.0,78
8,Female,19,1,8,Easy,3,2,82,73.0,53
9,Male,22,1,9,Medium,1,2,71,68.0,53
9,Male,22,1,5,Hard,1,2,67,86.66666666666667,59
9,Male,22,1,7,Hard,2,3,88,85.33333333333333,85
9,Male,22,1,6,Medium,2,3,94,91.66666666666667,99
9,Male,22,1,3,Hard,2,5,76,80.33333333333333,78
9,Male,22,1,10,Easy,2,4,62,85.33333333333333,65
9,Male,22,1,6,Medium,3,3,65,56.0,91
9,Male,22,1,2,Medium,3,5,88,67.66666666666667,99
9,Male,22,1,8,Easy,3,2,79,70.33333333333333,79
10,Male,19,1,5,Hard,1,2,74,80.33333333333333,97
10,Male,19,1,3,Hard,1,4,86,86.66666666666667,94
10,Male,19,1,7,Hard,1,5,88,75.66666666666667,90
10,Male,19,1,6,Medium,1,4,88,81.33333333333333,75
10,Male,19,1,8,Easy,2,3,84,75.66666666666667,72
10,Male,19,1,6,Medium,2,3,88,86.0,54
10,Male,19,1,10,Easy,2,4,88,65.66666666666667,52
10,Male,19,1,1,Easy,3,3,75,73.0,80
10,Male,19,1,9,Medium,3,3,66,88.0,99
10,Male,19,1,3,Hard,3,1,67,79.66666666666667,52
11,Male,19,1,5,Hard,1,2,76,69.66666666666667,84
11,Male,19,1,10,Easy,1,4,38,41.333333333333336,46
11,Male,19,1,6,Medium,1,4,90,77.66666666666667,82
11,Male,19,1,9,Medium,1,2,96,80.33333333333333,85
11,Male,19,1,2,Medium,2,5,36,42.333333333333336,39
11,Male,19,1,8,Easy,2,3,73,69.0,78
11,Male,19,1,7,Hard,2,3,88,59.666666666666664,90
11,Male,19,1,9,Medium,3,3,85,82.33333333333333,65
11,Male,19,1,10,Easy,3,4,96,75.66666666666667,99
11,Male,19,1,2,Medium,3,5,43,40.0,32
11,Male,19,1,6,Medium,3,3,33,40.666666666666664,48
12,Male,19,1,6,Medium,1,4,99,68.0,56
12,Male,19,1,10,Easy,1,4,66,79.0,83
12,Male,19,1,4,Hard,1,5,61,92.66666666666667,55
12,Male,19,1,7,Hard,2,3,96,74.0,60
12,Male,19,1,3,Hard,2,5,87,76.0,98
12,Male,19,1,8,Easy,3,2,88,71.66666666666667,54
12,Male,19,1,6,Medium,3,3,68,37.333333333333336,48
12,Male,19,1,9,Medium,3,3,75,69.0,72
12,Male,19,1,1,Easy,3,3,61,82.33333333333333,59
12,Male,19,1,4,Hard,3,1,78,65.66666666666667,67
13,Male,23,1,2,Medium,1,4,60,71.66666666666667,81
13,Male,23,1,5,Hard,1,2,95,67.33333333333333,99
13,Male,23,1,8,Easy,1,1,70,68.33333333333333,51
13,Male,23,1,7,Hard,1,5,89,67.0,95
13,Male,23,1,1,Easy,2,2,66,67.0,91
13,Male,23,1,4,Hard,2,4,73,44.0,48
13,Male,23,1,1,Easy,3,3,38,41.666666666666664,37
13,Male,23,1,3,Hard,3,1,90,78.33333333333333,62
13,Male,23,1,10,Easy,3,4,54,41.0,38
14,Female,24,1,4,Hard,1,5,96,75.66666666666667,70
14,Female,24,1,6,Medium,1,4,87,81.66666666666667,99
14,Female,24,1,5,Hard,1,2,37,42.333333333333336,37
14,Female,24,1,9,Medium,2,3,89,71.0,71
14,Female,24,1,7,Hard,2,3,60,80.33333333333333,82
14,Female,24,1,5,Hard,2,1,65,82.0,96
14,Female,24,1,10,Easy,3,4,86,68.0,99
14,Female,24,1,8,Easy,3,2,82,68.66666666666667,88
14,Female,24,1,5,Hard,3,2,66,79.66666666666667,99
14,Female,24,1,7,Hard,3,2,95,91.33333333333333,98
15,Female,26,1,9,Medium,1,2,64,35.333333333333336,48
15,Female,26,1,2,Medium,1,4,84,76.66666666666667,85
15,Female,26,1,8,Easy,1,1,60,80.0,82
15,Female,26,1,5,Hard,1,2,81,77.33333333333333,89
15,Female,26,1,7,Hard,1,5,89,87.33333333333333,55
15,Female,26,1,10,Easy,2,4,80,78.33333333333333,66
15,Female,26,1,5,Hard,2,1,40,40.0,33
15,Female,26,1,4,Hard,2,4,66,72.33333333333333,50
15,Female,26,1,7,Hard,2,3,70,35.666666666666664,33
15,Female,26,1,7,Hard,3,2,85,63.333333333333336,57
15,Female,26,1,5,Hard,3,2,49,39.333333333333336,36
15,Female,26,1,1,Easy,3,3,64,67.33333333333333,91
15,Female,26,1,10,Easy,3,4,98,75.66666666666667,89
16,Female,19,1,5,Hard,1,2,76,76.33333333333333,63
16,Female,19,1,9,Medium,1,2,84,70.66666666666667,57
16,Female,19,1,10,Easy,1,4,63,77.66666666666667,84
16,Female,19,1,6,Medium,1,4,67,70.0,76
16,Female,19,1,3,Hard,2,5,72,74.66666666666667,85
16,Female,19,1,4,Hard,2,4,72,75.33333333333333,82
16,Female,19,1,10,Easy,2,4,67,72.66666666666667,89
16,Female,19,1,1,Easy,2,2,83,76.66666666666667,90
16,Female,19,1,9,Medium,3,3,74,73.66666666666667,69
16,Female,19,1,6,Medium,3,3,93,91.33333333333333,53
16,Female,19,1,3,Hard,3,1,64,73.0,73
17,Female,19,1,3,Hard,1,4,70,64.0,94
17,Female,19,1,5,Hard,1,2,35,35.333333333333336,44
17,Female,19,1,8,Easy,1,1,67,90.66666666666667,76
17,Female,19,1,6,Medium,2,3,94,76.66666666666667,94
17,Female,19,1,1,Easy,2,2,100,88.0,99
17,Female,19,1,9,Medium,2,3,61,76.0,74
17,Female,19,1,2,Medium,2,5,68,36.0,38
17,Female,19,1,10,Easy,2,4,87,70.0,82
17,Female,19,1,5,Hard,3,2,72,70.33333333333333,97
17,Female,19,1,9,Medium,3,3,93,61.666666666666664,90
17,Female,19,1,10,Easy,3,4,90,70.33333333333333,54
17,Female,19,1,1,Easy,3,3,72,71.66666666666667,67
17,Female,19,1,6,Medium,3,3,71,90.33333333333333,69
18,Female,20,1,6,Medium,1,4,65,60.666666666666664,89
18,Female,20,1,9,Medium,1,2,68,76.66666666666667,75
18,Female,20,1,4,Hard,1,5,71,39.333333333333336,42
18,Female,20,1,3,Hard,1,4,64,65.33333333333333,63
18,Female,20,1,4,Hard,2,4,73,72.66666666666667,94
18,Female,20,1,9,Medium,2,3,76,71.33333333333333,52
18,Female,20,1,6,Medium,2,3,81,80.0,59
18,Female,20,1,7,Hard,2,3,98,75.0,84
18,Female,20,1,7,Hard,3,2,100,64.33333333333333,74
18,Female,20,1,2,Medium,3,5,95,70.0,51
18,Female,20,1,1,Easy,3,3,77,78.33333333333333,64
19,Female,24,1,9,Medium,1,2,71,76.66666666666667,98
19,Female,24,1,2,Medium,1,4,81,91.66666666666667,74
19,Female,24,1,1,Easy,1,4,74,80.0,55
19,Female,24,1,8,Easy,1,1,100,86.0,78
19,Female,24,1,5,Hard,2,1,78,81.0,50
19,Female,24,1,2,Medium,2,5,82,82.66666666666667,82
19,Female,24,1,3,Hard,2,5,71,78.66666666666667,95
19,Female,24,1,6,Medium,2,3,61,74.0,86
19,Female,24,1,9,Medium,3,3,70,80.0,99
19,Female,24,1,4,Hard,3,1,97,63.333333333333336,76
19,Female,24,1,5,Hard,3,2,88,78.66666666666667,86
20,Male,21,1,8,Easy,1,1,64,59.333333333333336,83
20,Male,21,1,2,Medium,1,4,75,72.0,51
20,Male,21,1,3,Hard,1,4,60,86.66666666666667,56
20,Male,21,1,4,Hard,2,4,97,73.66666666666667,64
20,Male,21,1,7,Hard,2,3,85,79.66666666666667,100
20,Male,21,1,2,Medium,2,5,97,61.0,86
20,Male,21,1,10,Easy,3,4,32,44.666666666666664,39
20,Male,21,1,6,Medium,3,3,63,77.0,99
20,Male,21,1,5,Hard,3,2,100,67.66666666666667,68
21,Female,21,1,9,Medium,1,2,98,69.66666666666667,64
21,Female,21,1,2,Medium,1,4,74,78.0,76
21,Female,21,1,9,Medium,2,3,91,78.33333333333333,75
21,Female,21,1,5,Hard,2,1,73,67.66666666666667,82
21,Female,21,1,8,Easy,2,3,64,72.66666666666667,95
21,Female,21,1,3,Hard,2,5,76,66.66666666666667,65
21,Female,21,1,8,Easy,3,2,51,34.333333333333336,32
21,Female,21,1,9,Medium,3,3,50,39.333333333333336,43
21,Female,21,1,3,Hard,3,1,97,76.0,66
21,Female,21,1,4,Hard,3,1,98,80.33333333333333,68
22,Male,23,1,5,Hard,1,2,65,79.66666666666667,82
22,Male,23,1,9,Medium,1,2,68,85.33333333333333,66
22,Male,23,1,7,Hard,2,3,65,78.0,75
22,Male,23,1,4,Hard,2,4,89,69.66666666666667,69
22,Male,23,1,5,Hard,3,2,83,75.0,55
22,Male,23,1,9,Medium,3,3,67,80.66666666666667,79
23,Male,23,1,9,Medium,1,2,67,38.666666666666664,31
23,Male,23,1,8,Easy,1,1,66,80.66666666666667,67
23,Male,23,1,4,Hard,1,5,92,69.66666666666667,88
23,Male,23,1,5,Hard,1,2,75,76.33333333333333,91
23,Male,23,1,4,Hard,2,4,85,75.33333333333333,95
23,Male,23,1,7,Hard,2,3,71,71.0,73
23,Male,23,1,8,Easy,2,3,71,78.0,82
23,Male,23,1,1,Easy,2,2,47,42.333333333333336,36
23,Male,23,1,3,Hard,3,1,66,87.33333333333333,71
23,Male,23,1,5,Hard,3,2,85,87.66666666666667,51
23,Male,23,1,8,Easy,3,2,89,86.33333333333333,99
23,Male,23,1,2,Medium,3,5,93,82.66666666666667,63
23,Male,23,1,6,Medium,3,3,97,65.66666666666667,95
24,Female,18,1,2,Medium,1,4,75,84.66666666666667,99
24,Female,18,1,8,Easy,1,1,94,76.66666666666667,88
24,Female,18,1,7,Hard,1,5,90,81.0,64
24,Female,18,1,7,Hard,2,3,82,67.33333333333333,76
24,Female,18,1,8,Easy,2,3,85,76.0,53
24,Female,18,1,10,Easy,2,4,94,68.66666666666667,81
24,Female,18,1,8,Easy,3,2,50,37.333333333333336,37
24,Female,18,1,9,Medium,3,3,67,67.0,84
24,Female,18,1,7,Hard,3,2,76,68.33333333333333,73
25,Male,21,1,9,Medium,1,2,32,40.0,31
25,Male,21,1,10,Easy,1,4,100,63.333333333333336,90
25,Male,21,1,8,Easy,1,1,91,75.66666666666667,76
25,Male,21,1,7,Hard,1,5,75,85.0,62
25,Male,21,1,7,Hard,2,3,72,79.0,86
25,Male,21,1,4,Hard,2,4,96,57.666666666666664,84
25,Male,21,1,7,Hard,3,2,90,79.0,50
25,Male,21,1,6,Medium,3,3,32,46.666666666666664,32
25,Male,21,1,9,Medium,3,3,96,69.66666666666667,93
25,Male,21,1,1,Easy,3,3,70,71.0,59
26,Male,22,1,4,Hard,1,5,67,68.0,92
26,Male,22,1,9,Medium,1,2,98,70.33333333333333,87
26,Male,22,1,6,Medium,1,4,79,91.0,65
26,Male,22,1,10,Easy,2,4,85,74.0,68
26,Male,22,1,2,Medium,2,5,55,34.333333333333336,31
26,Male,22,1,4,Hard,3,1,51,43.666666666666664,46
26,Male,22,1,10,Easy,3,4,86,78.66666666666667,97
26,Male,22,1,1,Easy,3,3,34,43.0,38
26,Male,22,1,2,Medium,3,5,60,69.33333333333333,89
26,Male,22,1,7,Hard,3,2,43,33.333333333333336,35
27,Male,19,1,4,Hard,1,5,72,86.66666666666667,68
27,Male,19,1,10,Easy,1,4,93,81.33333333333333,80
27,Male,19,1,5,Hard,1,2,71,86.33333333333333,87
27,Male,19,1,2,Medium,2,5,83,86.33333333333333,60
27,Male,19,1,1,Easy,2,2,100,64.66666666666667,60
27,Male,19,1,5,Hard,2,1,74,45.0,46
27,Male,19,1,9,Medium,2,3,97,93.33333333333333,86
27,Male,19,1,3,Hard,2,5,90,87.33333333333333,52
27,Male,19,1,3,Hard,3,1,78,80.66666666666667,85
27,Male,19,1,8,Easy,3,2,86,76.0,90
27,Male,19,1,4,Hard,3,1,52,31.666666666666668,32
27,Male,19,1,10,Easy,3,4,85,79.0,87
28,Female,18,1,10,Easy,1,4,87,72.66666666666667,87
28,Female,18,1,2,Medium,1,4,42,43.333333333333336,41
28,Female,18,1,5,Hard,1,2,33,41.666666666666664,44
28,Female,18,1,3,Hard,1,4,90,73.66666666666667,74
28,Female,18,1,6,Medium,2,3,87,74.33333333333333,57
28,Female,18,1,9,Medium,2,3,67,73.66666666666667,84
28,Female,18,1,7,Hard,2,3,81,82.0,56
28,Female,18,1,4,Hard,2,4,46,36.666666666666664,33
28,Female,18,1,8,Easy,3,2,89,72.33333333333333,75
28,Female,18,1,9,Medium,3,3,66,66.66666666666667,61
28,Female,18,1,7,Hard,3,2,61,78.33333333333333,94
28,Female,18,1,2,Medium,3,5,88,63.333333333333336,74
29,Female,18,1,2,Medium,1,4,54,38.333333333333336,44
29,Female,18,1,1,Easy,1,4,61,44.333333333333336,49
29,Female,18,1,6,Medium,1,4,89,75.33333333333333,72
29,Female,18,1,7,Hard,1,5,66,33.333333333333336,46
29,Female,18,1,9,Medium,2,3,79,70.0,73
29,Female,18,1,4,Hard,2,4,64,88.66666666666667,72
29,Female,18,1,10,Easy,3,4,88,74.0,78
29,Female,18,1,9,Medium,3,3,67,88.33333333333333,62
29,Female,18,1,8,Easy,3,2,92,75.0,57
30,Female,25,1,6,Medium,1,4,82,67.66666666666667,66
30,Female,25,1,1,Easy,1,4,66,75.66666666666667,81
30,Female,25,1,2,Medium,1,4,53,33.666666666666664,45
30,Female,25,1,5,Hard,1,2,88,82.33333333333333,98
30,Female,25,1,9,Medium,2,3,85,76.66666666666667,50
30,Female,25,1,7,Hard,2,3,99,76.66666666666667,69
30,Female,25,1,4,Hard,2,4,32,45.0,49
30,Female,25,1,8,Easy,3,2,42,40.0,42
30,Female,25,1,5,Hard,3,2,93,62.333333333333336,80
30,Female,25,1,6,Medium,3,3,69,61.0,79
30,Female,25,1,10,Easy,3,4,65,65.33333333333333,100
31,Male,20,1,6,Medium,1,4,66,65.66666666666667,98
31,Male,20,1,1,Easy,1,4,62,75.66666666666667,96
31,Male,20,1,8,Easy,1,1,79,65.66666666666667,58
31,Male,20,1,5,Hard,1,2,90,71.33333333333333,90
31,Male,20,1,8,Easy,2,3,100,59.666666666666664,80
31,Male,20,1,9,Medium,2,3,90,77.33333333333333,54
31,Male,20,1,2,Medium,2,5,64,83.0,52
31,Male,20,1,9,Medium,3,3,92,74.33333333333333,84
31,Male,20,1,2,Medium,3,5,62,88.0,97
31,Male,20,1,7,Hard,3,2,69,71.0,53
31,Male,20,1,8,Easy,3,2,93,65.33333333333333,87
31,Male,20,1,3,Hard,3,1,77,77.66666666666667,82
32,Male,25,1,8,Easy,1,1,68,47.333333333333336,47
32,Male,25,1,7,Hard,1,5,85,76.33333333333333,79
32,Male,25,1,3,Hard,1,4,67,83.66666666666667,99
32,Male,25,1,7,Hard,2,3,75,79.66666666666667,55
32,Male,25,1,6,Medium,2,3,63,39.333333333333336,48
32,Male,25,1,9,Medium,2,3,94,89.66666666666667,100
32,Male,25,1,4,Hard,3,1,88,72.66666666666667,71
32,Male,25,1,6,Medium,3,3,63,65.33333333333333,98
32,Male,25,1,3,Hard,3,1,52,35.666666666666664,33
33,Female,22,1,6,Medium,1,4,81,66.33333333333333,98
33,Female,22,1,4,Hard,1,5,84,74.33333333333333,55
33,Female,22,1,4,Hard,2,4,83,69.66666666666667,62
33,Female,22,1,3,Hard,2,5,45,32.0,35
33,Female,22,1,6,Medium,2,3,67,66.66666666666667,94
33,Female,22,1,8,Easy,2,3,73,83.66666666666667,83
33,Female,22,1,2,Medium,2,5,90,70.0,50
33,Female,22,1,5,Hard,3,2,84,67.0,54
33,Female,22,1,6,Medium,3,3,100,83.0,67
33,Female,22,1,3,Hard,3,1,76,79.0,75
34,Male,21,1,1,Easy,1,4,96,79.0,56
34,Male,21,1,6,Medium,1,4,84,66.66666666666667,92
34,Male,21,1,8,Easy,1,1,92,77.0,54
34,Male,21,1,3,Hard,1,4,80,87.33333333333333,81
34,Male,21,1,1,Easy,2,2,79,76.33333333333333,68
34,Male,21,1,5,Hard,2,1,87,87.66666666666667,98
34,Male,21,1,10,Easy,2,4,61,77.33333333333333,56
34,Male,21,1,9,Medium,2,3,58,41.333333333333336,30
34,Male,21,1,3,Hard,2,5,91,83.33333333333333,58
34,Male,21,1,1,Easy,3,3,75,46.666666666666664,37
34,Male,21,1,5,Hard,3,2,61,73.0,61
34,Male,21,1,7,Hard,3,2,69,69.0,52
35,Female,21,1,8,Easy,1,1,73,73.0,69
35,Female,21,1,10,Easy,1,4,91,79.0,54
35,Female,21,1,9,Medium,1,2,86,71.33333333333333,79
35,Female,21,1,4,Hard,1,5,98,66.33333333333333,97
35,Female,21,1,5,Hard,1,2,93,70.0,65
35,Female,21,1,8,Easy,2,3,90,74.33333333333333,77
35,Female,21,1,5,Hard,2,1,86,61.666666666666664,54
35,Female,21,1,1,Easy,2,2,65,77.0,70
35,Female,21,1,9,Medium,2,3,100,78.33333333333333,82
35,Female,21,1,3,Hard,3,1,63,72.66666666666667,89
35,Female,21,1,10,Easy,3,4,92,82.0,65
35,Female,21,1,2,Medium,3,5,73,92.66666666666667,50
35,Female,21,1,7,Hard,3,2,65,78.66666666666667,64
36,Female,18,1,10,Easy,1,4,83,84.33333333333333,64
36,Female,18,1,6,Medium,1,4,97,71.33333333333333,55
36,Female,18,1,5,Hard,1,2,94,89.0,73
36,Female,18,1,4,Hard,1,5,38,40.0,33
36,Female,18,1,2,Medium,2,5,96,85.33333333333333,60
36,Female,18,1,6,Medium,2,3,69,34.0,35
36,Female,18,1,3,Hard,2,5,63,65.0,50
36,Female,18,1,8,Easy,2,3,75,86.66666666666667,81
36,Female,18,1,9,Medium,3,3,31,36.333333333333336,46
36,Female,18,1,10,Easy,3,4,81,90.33333333333333,68
36,Female,18,1,2,Medium,3,5,71,87.66666666666667,67
37,Female,23,1,8,Easy,1,1,69,78.0,83
37,Female,23,1,7,Hard,1,5,87,74.0,78
37,Female,23,1,10,Easy,1,4,66,72.33333333333333,69
37,Female,23,1,3,Hard,1,4,93,85.0,77
37,Female,23,1,9,Medium,2,3,89,59.0,88
37,Female,23,1,2,Medium,2,5,82,77.33333333333333,97
37,Female,23,1,3,Hard,2,5,73,77.66666666666667,56
37,Female,23,1,4,Hard,2,4,84,83.0,95
37,Female,23,1,5,Hard,2,1,63,87.66666666666667,50
37,Female,23,1,9,Medium,3,3,68,94.66666666666667,81
37,Female,23,1,7,Hard,3,2,72,92.33333333333333,80
37,Female,23,1,10,Easy,3,4,88,77.33333333333333,89
38,Male,24,1,8,Easy,1,1,81,66.33333333333333,88
38,Male,24,1,1,Easy,1,4,54,36.666666666666664,30
38,Male,24,1,3,Hard,1,4,63,76.66666666666667,76
38,Male,24,1,9,Medium,1,2,72,80.66666666666667,69
38,Male,24,1,1,Easy,2,2,100,69.66666666666667,61
38,Male,24,1,7,Hard,2,3,68,67.0,64
38,Male,24,1,10,Easy,2,4,99,78.66666666666667,95
38,Male,24,1,1,Easy,3,3,85,59.666666666666664,97
38,Male,24,1,2,Medium,3,5,86,81.33333333333333,58
38,Male,24,1,10,Easy,3,4,97,79.0,98
38,Male,24,1,9,Medium,3,3,95,88.33333333333333,79
38,Male,24,1,3,Hard,3,1,77,73.33333333333333,100
39,Female,25,1,1,Easy,1,4,82,78.0,87
39,Female,25,1,2,Medium,1,4,61,62.666666666666664,72
39,Female,25,1,8,Easy,2,3,92,84.66666666666667,100
39,Female,25,1,6,Medium,2,3,63,70.0,77
39,Female,25,1,7,Hard,2,3,93,75.0,95
39,Female,25,1,4,Hard,3,1,63,63.333333333333336,93
39,Female,25,1,1,Easy,3,3,73,65.33333333333333,78
39,Female,25,1,7,Hard,3,2,97,68.0,83
40,Female,25,1,2,Medium,1,4,64,82.0,91
40,Female,25,1,9,Medium,1,2,94,69.0,61
40,Female,25,1,10,Easy,1,4,82,70.0,82
40,Female,25,1,5,Hard,1,2,85,67.33333333333333,100
40,Female,25,1,2,Medium,2,5,71,80.66666666666667,87
40,Female,25,1,6,Medium,2,3,61,72.66666666666667,60
40,Female,25,1,7,Hard,2,3,82,75.66666666666667,54
40,Female,25,1,5,Hard,3,2,71,83.66666666666667,62
40,Female,25,1,10,Easy,3,4,70,66.33333333333333,88
41,Male,20,1,9,Medium,1,2,66,79.33333333333333,98
41,Male,20,1,2,Medium,1,4,69,66.66666666666667,76
41,Male,20,1,8,Easy,1,1,37,37.0,48
41,Male,20,1,3,Hard,2,5,88,75.33333333333333,56
41,Male,20,1,10,Easy,2,4,100,79.33333333333333,56
41,Male,20,1,2,Medium,2,5,70,61.0,61
41,Male,20,1,6,Medium,2,3,92,71.0,76
41,Male,20,1,9,Medium,3,3,81,80.0,62
41,Male,20,1,4,Hard,3,1,90,81.66666666666667,86
41,Male,20,1,6,Medium,3,3,80,79.66666666666667,86
41,Male,20,1,7,Hard,3,2,75,67.66666666666667,91
42,Female,23,1,7,Hard,1,5,70,67.33333333333333,95
42,Female,23,1,6,Medium,1,4,72,68.33333333333333,54
42,Female,23,1,10,Easy,1,4,68,55.0,74
42,Female,23,1,8,Easy,1,1,78,71.33333333333333,79
42,Female,23,1,6,Medium,2,3,96,74.33333333333333,99
42,Female,23,1,10,Easy,2,4,77,84.33333333333333,55
42,Female,23,1,1,Easy,2,2,63,75.33333333333333,59
42,Female,23,1,9,Medium,2,3,73,70.66666666666667,61
42,Female,23,1,7,Hard,3,2,33,42.666666666666664,41
42,Female,23,1,4,Hard,3,1,61,76.0,94
42,Female,23,1,10,Easy,3,4,76,64.33333333333333,61
43,Female,25,1,9,Medium,1,2,67,39.0,37
43,Female,25,1,8,Easy,1,1,77,85.33333333333333,99
43,Female,25,1,3,Hard,1,4,52,46.0,33
43,Female,25,1,2,Medium,2,5,90,56.0,68
43,Female,25,1,1,Easy,2,2,65,71.0,55
43,Female,25,1,8,Easy,2,3,78,75.33333333333333,53
43,Female,25,1,2,Medium,3,5,45,35.0,43
43,Female,25,1,9,Medium,3,3,83,63.666666666666664,51
43,Female,25,1,1,Easy,3,3,97,82.0,75
44,Male,22,1,2,Medium,1,4,63,66.33333333333333,90
44,Male,22,1,9,Medium,1,2,69,69.0,67
44,Male,22,1,4,Hard,1,5,51,44.666666666666664,34
44,Male,22,1,10,Easy,1,4,61,78.33333333333333,62
44,Male,22,1,1,Easy,2,2,98,73.66666666666667,70
44,Male,22,1,7,Hard,2,3,60,79.0,86
44,Male,22,1,8,Easy,2,3,86,60.333333333333336,74
44,Male,22,1,3,Hard,2,5,84,68.33333333333333,70
44,Male,22,1,5,Hard,3,2,65,88.0,68
44,Male,22,1,4,Hard,3,1,73,72.0,78
44,Male,22,1,1,Easy,3,3,68,35.333333333333336,35
44,Male,22,1,10,Easy,3,4,93,71.0,67
45,Female,23,1,2,Medium,1,4,84,78.33333333333333,87
45,Female,23,1,5,Hard,1,2,96,70.66666666666667,72
45,Female,23,1,7,Hard,1,5,84,72.0,96
45,Female,23,1,1,Easy,1,4,71,75.0,89
45,Female,23,1,3,Hard,1,4,63,78.33333333333333,91
45,Female,23,1,2,Medium,2,5,52,37.666666666666664,35
45,Female,23,1,8,Easy,2,3,37,40.333333333333336,33
45,Female,23,1,9,Medium,2,3,87,69.0,94
45,Female,23,1,3,Hard,2,5,85,72.66666666666667,66
45,Female,23,1,9,Medium,3,3,77,66.33333333333333,55
45,Female,23,1,8,Easy,3,2,75,93.0,77
45,Female,23,1,5,Hard,3,2,80,89.33333333333333,56
45,Female,23,1,6,Medium,3,3,71,87.0,88
46,Female,21,1,10,Easy,1,4,40,42.333333333333336,38
46,Female,21,1,8,Easy,1,1,61,89.66666666666667,81
46,Female,21,1,7,Hard,1,5,88,77.0,94
46,Female,21,1,1,Easy,1,4,73,89.66666666666667,77
46,Female,21,1,6,Medium,2,3,54,41.666666666666664,40
46,Female,21,1,1,Easy,2,2,67,76.33333333333333,93
46,Female,21,1,2,Medium,2,5,82,63.0,85
46,Female,21,1,5,Hard,3,2,93,77.66666666666667,52
46,Female,21,1,8,Easy,3,2,89,70.33333333333333,58
46,Female,21,1,7,Hard,3,2,65,61.666666666666664,86
46,Female,21,1,3,Hard,3,1,78,71.33333333333333,90
46,Female,21,1,1,Easy,3,3,96,75.33333333333333,52
47,Male,20,1,10,Easy,1,4,79,71.33333333333333,79
47,Male,20,1,2,Medium,1,4,68,83.0,73
47,Male,20,1,6,Medium,1,4,78,82.0,52
47,Male,20,1,10,Easy,2,4,45,38.0,42
47,Male,20,1,6,Medium,2,3,85,72.0,87
47,Male,20,1,1,Easy,2,2,76,72.66666666666667,57
47,Male,20,1,8,Easy,2,3,83,95.33333333333333,97
47,Male,20,1,5,Hard,3,2,64,86.0,86
47,Male,20,1,2,Medium,3,5,85,78.0,62
47,Male,20,1,3,Hard,3,1,89,64.0,76
48,Female,18,1,8,Easy,1,1,85,73.0,80
48,Female,18,1,10,Easy,1,4,87,78.33333333333333,90
48,Female,18,1,7,Hard,1,5,95,88.66666666666667,92
48,Female,18,1,1,Easy,1,4,61,34.666666666666664,43
48,Female,18,1,9,Medium,2,3,85,70.66666666666667,77
48,Female,18,1,2,Medium,2,5,89,78.33333333333333,96
48,Female,18,1,1,Easy,2,2,92,73.66666666666667,62
48,Female,18,1,2,Medium,3,5,89,59.666666666666664,91
48,Female,18,1,10,Easy,3,4,94,72.66666666666667,60
48,Female,18,1,3,Hard,3,1,91,62.0,93
49,Male,22,1,7,Hard,1,5,75,82.33333333333333,80
49,Male,22,1,6,Medium,1,4,64,92.66666666666667,91
49,Male,22,1,5,Hard,1,2,66,68.0,50
49,Male,22,1,2,Medium,1,4,71,60.333333333333336,95
49,Male,22,1,5,Hard,2,1,72,86.33333333333333,70
49,Male,22,1,4,Hard,2,4,33,39.666666666666664,45
49,Male,22,1,7,Hard,2,3,88,80.66666666666667,50
49,Male,22,1,3,Hard,3,1,94,78.66666666666667,99
49,Male,22,1,7,Hard,3,2,90,68.33333333333333,52
49,Male,22,1,9,Medium,3,3,83,89.0,92
49,Male,22,1,6,Medium,3,3,84,76.0,73
50,Female,21,1,2,Medium,1,4,69,70.66666666666667,74
50,Female,21,1,1,Easy,1,4,67,40.666666666666664,40
50,Female,21,1,8,Easy,1,1,42,42.333333333333336,32
50,Female,21,1,4,Hard,1,5,62,90.33333333333333,52
50,Female,21,1,2,Medium,2,5,50,37.666666666666664,35
50,Female,21,1,4,Hard,2,4,95,91.33333333333333,85
50,Female,21,1,9,Medium,3,3,77,63.666666666666664,100
50,Female,21,1,4,Hard,3,1,79,69.66666666666667,63
50,Female,21,1,3,Hard,3,1,91,71.66666666666667,75
50,Female,21,1,6,Medium,3,3,75,77.0,54
51,Male,21,1,3,Hard,1,4,69,41.666666666666664,42
51,Male,21,1,1,Easy,1,4,70,65.0,81
51,Male,21,1,10,Easy,1,4,62,75.66666666666667,77
51,Male,21,1,4,Hard,2,4,89,65.66666666666667,53
51,Male,21,1,1,Easy,2,2,64,75.66666666666667,77
51,Male,21,1,5,Hard,2,1,43,35.333333333333336,47
51,Male,21,1,9,Medium,2,3,69,67.33333333333333,58
51,Male,21,1,8,Easy,2,3,71,78.33333333333333,68
51,Male,21,1,2,Medium,3,5,89,80.66666666666667,51
51,Male,21,1,1,Easy,3,3,77,92.33333333333333,64
51,Male,21,1,8,Easy,3,2,82,60.0,75
51,Male,21,1,10,Easy,3,4,60,75.0,84
52,Male,25,1,7,Hard,1,5,57,41.333333333333336,31
52,Male,25,1,6,Medium,1,4,95,81.66666666666667,91
52,Male,25,1,1,Easy,1,4,84,84.0,53
52,Male,25,1,2,Medium,1,4,91,69.0,56
52,Male,25,1,3,Hard,2,5,76,69.0,57
52,Male,25,1,7,Hard,2,3,61,89.66666666666667,79
52,Male,25,1,2,Medium,2,5,67,64.0,66
52,Male,25,1,10,Easy,2,4,88,81.33333333333333,100
52,Male,25,1,7,Hard,3,2,38,34.333333333333336,43
52,Male,25,1,4,Hard,3,1,68,75.33333333333333,63
53,Female,22,1,6,Medium,1,4,91,72.0,63
53,Female,22,1,2,Medium,1,4,86,81.0,58
53,Female,22,1,1,Easy,1,4,83,71.0,84
53,Female,22,1,9,Medium,2,3,65,71.66666666666667,73
53,Female,22,1,10,Easy,2,4,90,79.33333333333333,69
53,Female,22,1,2,Medium,2,5,94,72.0,99
53,Female,22,1,5,Hard,2,1,94,81.0,73
53,Female,22,1,2,Medium,3,5,70,71.33333333333333,74
53,Female,22,1,9,Medium,3,3,68,81.33333333333333,77
53,Female,22,1,6,Medium,3,3,65,36.333333333333336,37
54,Female,22,1,4,Hard,1,5,93,69.0,96
54,Female,22,1,3,Hard,1,4,69,68.66666666666667,70
54,Female,22,1,10,Easy,1,4,81,67.33333333333333,90
54,Female,22,1,6,Medium,2,3,69,83.33333333333333,72
54,Female,22,1,4,Hard,2,4,85,71.0,58
54,Female,22,1,10,Easy,3,4,68,72.33333333333333,70
54,Female,22,1,2,Medium,3,5,75,63.333333333333336,87
54,Female,22,1,9,Medium,3,3,93,68.66666666666667,68
54,Female,22,1,5,Hard,3,2,97,61.0,95
54,Female,22,1,8,Easy,3,2,30,42.666666666666664,32
55,Male,18,1,5,Hard,1,2,76,71.66666666666667,100
55,Male,18,1,7,Hard,1,5,75,77.0,57
55,Male,18,1,1,Easy,2,2,85,85.33333333333333,80
55,Male,18,1,9,Medium,2,3,34,36.0,35
55,Male,18,1,6,Medium,2,3,70,82.0,65
55,Male,18,1,7,Hard,2,3,72,68.0,94
55,Male,18,1,10,Easy,3,4,66,79.0,99
55,Male,18,1,7,Hard,3,2,81,66.33333333333333,92
56,Male,20,1,3,Hard,1,4,96,92.0,81
56,Male,20,1,5,Hard,1,2,79,82.66666666666667,62
56,Male,20,1,3,Hard,2,5,80,86.0,65
56,Male,20,1,10,Easy,2,4,95,83.33333333333333,77
56,Male,20,1,9,Medium,2,3,81,76.0,87
56,Male,20,1,5,Hard,3,2,100,92.66666666666667,98
56,Male,20,1,9,Medium,3,3,76,81.0,89
56,Male,20,1,1,Easy,3,3,78,81.66666666666667,59
56,Male,20,1,6,Medium,3,3,69,81.33333333333333,78
57,Female,25,1,10,Easy,1,4,69,86.33333333333333,85
57,Female,25,1,5,Hard,1,2,62,77.33333333333333,93
57,Female,25,1,9,Medium,2,3,82,78.0,65
57,Female,25,1,1,Easy,2,2,33,39.0,36
57,Female,25,1,10,Easy,2,4,70,67.0,80
57,Female,25,1,5,Hard,3,2,95,77.66666666666667,67
57,Female,25,1,4,Hard,3,1,33,38.666666666666664,44
57,Female,25,1,7,Hard,3,2,92,78.0,96
57,Female,25,1,3,Hard,3,1,99,69.0,91
58,Female,23,1,6,Medium,1,4,49,42.0,31
58,Female,23,1,1,Easy,1,4,51,35.333333333333336,32
58,Female,23,1,10,Easy,2,4,94,83.33333333333333,100
58,Female,23,1,5,Hard,2,1,30,42.0,42
58,Female,23,1,8,Easy,2,3,81,73.33333333333333,82
58,Female,23,1,7,Hard,3,2,100,70.66666666666667,73
58,Female,23,1,2,Medium,3,5,87,77.33333333333333,72
58,Female,23,1,5,Hard,3,2,91,83.0,69
58,Female,23,1,10,Easy,3,4,99,80.0,57
59,Female,26,1,1,Easy,1,4,96,82.33333333333333,94
59,Female,26,1,4,Hard,1,5,84,78.33333333333333,62
59,Female,26,1,6,Medium,1,4,85,78.0,95
59,Female,26,1,1,Easy,2,2,30,44.0,38
59,Female,26,1,2,Medium,2,5,73,86.0,71
59,Female,26,1,7,Hard,2,3,78,90.33333333333333,80
59,Female,26,1,6,Medium,3,3,82,62.666666666666664,86
59,Female,26,1,8,Easy,3,2,93,57.333333333333336,77
59,Female,26,1,5,Hard,3,2,77,76.66666666666667,57
60,Male,24,1,8,Easy,1,1,67,69.33333333333333,66
60,Male,24,1,2,Medium,1,4,95,77.0,99
60,Male,24,1,7,Hard,1,5,87,75.66666666666667,98
60,Male,24,1,4,Hard,1,5,75,75.66666666666667,68
60,Male,24,1,3,Hard,1,4,65,94.0,55
60,Male,24,1,3,Hard,2,5,82,86.33333333333333,65
60,Male,24,1,7,Hard,2,3,62,57.333333333333336,89
60,Male,24,1,1,Easy,2,2,85,85.33333333333333,57
60,Male,24,1,3,Hard,3,1,76,82.66666666666667,100
60,Male,24,1,4,Hard,3,1,95,73.0,84
60,Male,24,1,8,Easy,3,2,66,77.66666666666667,60
60,Male,24,1,6,Medium,3,3,71,82.0,89
60,Male,24,1,5,Hard,3,2,67,40.333333333333336,34
61,Male,18,1,10,Easy,1,4,73,84.0,70
61,Male,18,1,5,Hard,1,2,72,34.0,46
61,Male,18,1,1,Easy,1,4,78,72.66666666666667,77
61,Male,18,1,7,Hard,2,3,99,68.0,80
61,Male,18,1,9,Medium,2,3,61,77.66666666666667,73
61,Male,18,1,4,Hard,2,4,67,86.66666666666667,81
61,Male,18,1,5,Hard,2,1,72,41.0,32
61,Male,18,1,10,Easy,3,4,77,85.0,56
61,Male,18,1,8,Easy,3,2,69,79.0,84
61,Male,18,1,6,Medium,3,3,50,41.333333333333336,31
62,Female,23,1,6,Medium,1,4,60,70.0,92
62,Female,23,1,3,Hard,1,4,88,86.0,80
62,Female,23,1,5,Hard,1,2,64,71.66666666666667,96
62,Female,23,1,7,Hard,2,3,85,67.66666666666667,81
62,Female,23,1,8,Easy,2,3,99,75.33333333333333,91
62,Female,23,1,3,Hard,2,5,66,37.333333333333336,35
62,Female,23,1,4,Hard,2,4,94,62.666666666666664,51
62,Female,23,1,3,Hard,3,1,60,73.0,70
62,Female,23,1,9,Medium,3,3,68,69.33333333333333,56
62,Female,23,1,4,Hard,3,1,69,72.0,57
62,Female,23,1,10,Easy,3,4,63,52.0,51
63,Female,18,1,4,Hard,1,5,64,35.333333333333336,42
63,Female,18,1,3,Hard,1,4,61,84.0,59
63,Female,18,1,2,Medium,1,4,100,80.0,67
63,Female,18,1,1,Easy,2,2,75,69.66666666666667,58
63,Female,18,1,2,Medium,2,5,69,73.0,87
63,Female,18,1,5,Hard,2,1,38,37.666666666666664,43
63,Female,18,1,1,Easy,3,3,65,72.0,68
63,Female,18,1,10,Easy,3,4,65,78.66666666666667,65
63,Female,18,1,7,Hard,3,2,86,63.333333333333336,65
63,Female,18,1,9,Medium,3,3,93,67.33333333333333,60
63,Female,18,1,8,Easy,3,2,77,75.66666666666667,78
64,Male,20,1,10,Easy,1,4,83,82.66666666666667,52
64,Male,20,1,1,Easy,1,4,92,79.66666666666667,96
64,Male,20,1,2,Medium,1,4,95,72.66666666666667,56
64,Male,20,1,4,Hard,1,5,100,62.666666666666664,57
64,Male,20,1,1,Easy,2,2,63,75.66666666666667,65
64,Male,20,1,10,Easy,2,4,75,63.333333333333336,92
64,Male,20,1,7,Hard,3,2,98,89.0,68
64,Male,20,1,2,Medium,3,5,90,70.66666666666667,66
64,Male,20,1,10,Easy,3,4,36,35.666666666666664,34
65,Male,21,1,8,Easy,1,1,92,76.0,58
65,Male,21,1,4,Hard,1,5,98,61.666666666666664,94
65,Male,21,1,10,Easy,1,4,63,78.33333333333333,75
65,Male,21,1,7,Hard,2,3,58,47.666666666666664,34
65,Male,21,1,8,Easy,2,3,99,66.33333333333333,77
65,Male,21,1,3,Hard,2,5,87,76.66666666666667,70
65,Male,21,1,10,Easy,2,4,93,81.0,87
65,Male,21,1,4,Hard,2,4,68,81.66666666666667,74
65,Male,21,1,1,Easy,3,3,79,86.0,58
65,Male,21,1,2,Medium,3,5,84,60.666666666666664,59
65,Male,21,1,10,Easy,3,4,65,61.0,76
66,Female,22,1,2,Medium,1,4,77,77.33333333333333,65
66,Female,22,1,6,Medium,1,4,65,65.66666666666667,56
66,Female,22,1,3,Hard,1,4,97,75.66666666666667,63
66,Female,22,1,1,Easy,1,4,97,71.66666666666667,74
66,Female,22,1,5,Hard,2,1,64,85.0,56
66,Female,22,1,7,Hard,2,3,87,90.33333333333333,76
66,Female,22,1,3,Hard,2,5,99,62.666666666666664,56
66,Female,22,1,2,Medium,2,5,68,86.0,85
66,Female,22,1,7,Hard,3,2,82,64.33333333333333,77
66,Female,22,1,8,Easy,3,2,81,85.66666666666667,86
66,Female,22,1,3,Hard,3,1,67,81.0,69
66,Female,22,1,10,Easy,3,4,95,88.33333333333333,90
67,Female,22,1,10,Easy,1,4,66,67.33333333333333,87
67,Female,22,1,1,Easy,1,4,84,80.66666666666667,91
67,Female,22,1,8,Easy,1,1,73,73.66666666666667,57
67,Female,22,1,4,Hard,1,5,97,84.66666666666667,75
67,Female,22,1,3,Hard,2,5,55,38.666666666666664,41
67,Female,22,1,8,Easy,2,3,66,70.0,84
67,Female,22,1,10,Easy,2,4,71,70.0,62
67,Female,22,1,3,Hard,3,1,52,39.666666666666664,41
67,Female,22,1,8,Easy,3,2,65,84.33333333333333,100
67,Female,22,1,10,Easy,3,4,73,91.33333333333333,72
68,Female,22,1,9,Medium,1,2,88,77.33333333333333,56
68,Female,22,1,7,Hard,1,5,75,82.0,53
68,Female,22,1,6,Medium,1,4,62,64.33333333333333,95
68,Female,22,1,1,Easy,1,4,63,41.666666666666664,39
68,Female,22,1,2,Medium,2,5,74,69.0,86
68,Female,22,1,7,Hard,2,3,76,73.0,56
68,Female,22,1,4,Hard,2,4,85,68.66666666666667,50
68,Female,22,1,8,Easy,2,3,99,70.33333333333333,78
68,Female,22,1,10,Easy,3,4,67,81.66666666666667,59
68,Female,22,1,9,Medium,3,3,62,70.0,81
68,Female,22,1,4,Hard,3,1,50,38.666666666666664,42
69,Female,22,1,9,Medium,1,2,73,71.66666666666667,76
69,Female,22,1,3,Hard,1,4,81,85.33333333333333,54
69,Female,22,1,6,Medium,1,4,68,81.66666666666667,76
69,Female,22,1,7,Hard,1,5,70,84.0,59
69,Female,22,1,7,Hard,2,3,69,82.66666666666667,55
69,Female,22,1,10,Easy,2,4,90,80.66666666666667,79
69,Female,22,1,9,Medium,2,3,77,74.0,65
69,Female,22,1,3,Hard,2,5,86,81.66666666666667,93
69,Female,22,1,8,Easy,3,2,87,82.33333333333333,51
69,Female,22,1,5,Hard,3,2,51,40.666666666666664,47
69,Female,22,1,1,Easy,3,3,69,70.66666666666667,95
69,Female,22,1,7,Hard,3,2,65,83.66666666666667,63
69,Female,22,1,2,Medium,3,5,87,58.666666666666664,66
70,Male,23,1,6,Medium,1,4,95,76.66666666666667,55
70,Male,23,1,4,Hard,1,5,76,82.0,62
70,Male,23,1,8,Easy,1,1,85,70.66666666666667,67
70,Male,23,1,3,Hard,2,5,60,85.0,62
70,Male,23,1,5,Hard,2,1,66,80.33333333333333,61
70,Male,23,1,9,Medium,3,3,80,86.66666666666667,75
70,Male,23,1,6,Medium,3,3,66,75.0,97
70,Male,23,1,4,Hard,3,1,80,62.666666666666664,69
71,Male,22,1,4,Hard,1,5,65,72.33333333333333,90
71,Male,22,1,7,Hard,1,5,78,69.0,51
71,Male,22,1,2,Medium,1,4,85,88.33333333333333,80
71,Male,22,1,8,Easy,1,1,72,70.33333333333333,86
71,Male,22,1,1,Easy,1,4,98,60.333333333333336,64
71,Male,22,1,9,Medium,2,3,61,61.666666666666664,87
71,Male,22,1,4,Hard,2,4,99,79.66666666666667,89
71,Male,22,1,2,Medium,2,5,78,79.66666666666667,51
71,Male,22,1,8,Easy,2,3,86,77.0,80
71,Male,22,1,5,Hard,3,2,61,76.66666666666667,73
71,Male,22,1,6,Medium,3,3,79,66.33333333333333,98
71,Male,22,1,10,Easy,3,4,78,81.66666666666667,78
72,Female,25,1,4,Hard,1,5,74,68.66666666666667,83
72,Female,25,1,9,Medium,1,2,76,76.33333333333333,58
72,Female,25,1,3,Hard,1,4,74,68.0,80
72,Female,25,1,1,Easy,1,4,69,78.33333333333333,67
72,Female,25,1,2,Medium,2,5,46,36.666666666666664,44
72,Female,25,1,5,Hard,2,1,70,39.666666666666664,44
72,Female,25,1,3,Hard,2,5,96,82.33333333333333,56
72,Female,25,1,10,Easy,2,4,37,42.333333333333336,49
72,Female,25,1,8,Easy,3,2,58,45.0,42
72,Female,25,1,4,Hard,3,1,50,44.666666666666664,42
72,Female,25,1,10,Easy,3,4,89,87.33333333333333,50
72,Female,25,1,7,Hard,3,2,65,79.66666666666667,73
72,Female,25,1,5,Hard,3,2,68,76.0,87
73,Female,18,1,5,Hard,1,2,74,76.66666666666667,50
73,Female,18,1,7,Hard,1,5,75,62.666666666666664,57
73,Female,18,1,6,Medium,1,4,60,70.0,94
73,Female,18,1,7,Hard,2,3,50,41.333333333333336,41
73,Female,18,1,1,Easy,2,2,61,85.0,87
73,Female,18,1,10,Easy,2,4,81,75.66666666666667,72
73,Female,18,1,10,Easy,3,4,83,90.0,74
73,Female,18,1,5,Hard,3,2,93,79.66666666666667,78
73,Female,18,1,2,Medium,3,5,71,38.666666666666664,46
73,Female,18,1,1,Easy,3,3,79,67.66666666666667,64
73,Female,18,1,9,Medium,3,3,93,77.33333333333333,89
74,Female,20,1,1,Easy,1,4,80,69.33333333333333,65
74,Female,20,1,2,Medium,1,4,74,75.33333333333333,86
74,Female,20,1,6,Medium,1,4,68,70.0,57
74,Female,20,1,6,Medium,2,3,67,75.0,94
74,Female,20,1,5,Hard,2,1,80,67.0,90
74,Female,20,1,9,Medium,2,3,81,75.66666666666667,71
74,Female,20,1,10,Easy,2,4,94,77.33333333333333,95
74,Female,20,1,8,Easy,2,3,78,66.33333333333333,71
74,Female,20,1,8,Easy,3,2,66,79.0,73
74,Female,20,1,2,Medium,3,5,61,76.66666666666667,61
75,Male,18,1,10,Easy,1,4,89,87.0,57
75,Male,18,1,2,Medium,1,4,80,73.66666666666667,71
75,Male,18,1,4,Hard,1,5,74,87.33333333333333,54
75,Male,18,1,5,Hard,1,2,32,35.333333333333336,36
75,Male,18,1,8,Easy,2,3,77,75.66666666666667,75
75,Male,18,1,10,Easy,2,4,57,41.0,48
75,Male,18,1,7,Hard,2,3,94,75.66666666666667,100
75,Male,18,1,2,Medium,2,5,71,76.0,88
75,Male,18,1,8,Easy,3,2,98,70.66666666666667,68
75,Male,18,1,7,Hard,3,2,85,80.0,69
75,Male,18,1,3,Hard,3,1,85,84.0,52
76,Female,25,1,10,Easy,1,4,66,77.0,90
76,Female,25,1,2,Medium,1,4,72,36.666666666666664,36
76,Female,25,1,3,Hard,2,5,95,80.66666666666667,85
76,Female,25,1,6,Medium,2,3,71,61.0,50
76,Female,25,1,2,Medium,2,5,72,99.33333333333333,77
76,Female,25,1,10,Easy,2,4,86,75.66666666666667,67
76,Female,25,1,5,Hard,2,1,30,43.0,32
76,Female,25,1,3,Hard,3,1,66,74.0,58
76,Female,25,1,7,Hard,3,2,30,38.666666666666664,31
77,Female,22,1,2,Medium,1,4,44,48.666666666666664,38
77,Female,22,1,7,Hard,1,5,86,61.666666666666664,85
77,Female,22,1,4,Hard,2,4,99,81.33333333333333,100
77,Female,22,1,1,Easy,2,2,68,80.66666666666667,92
77,Female,22,1,6,Medium,2,3,92,75.0,62
77,Female,22,1,2,Medium,2,5,84,72.0,58
77,Female,22,1,2,Medium,3,5,74,80.33333333333333,77
77,Female,22,1,8,Easy,3,2,83,57.333333333333336,80
77,Female,22,1,1,Easy,3,3,73,73.66666666666667,83
78,Male,18,1,1,Easy,1,4,61,66.33333333333333,94
78,Male,18,1,9,Medium,1,2,89,68.33333333333333,75
78,Male,18,1,8,Easy,2,3,70,70.66666666666667,69
78,Male,18,1,5,Hard,2,1,63,76.0,90
78,Male,18,1,6,Medium,2,3,96,80.66666666666667,68
78,Male,18,1,10,Easy,3,4,100,74.33333333333333,95
78,Male,18,1,7,Hard,3,2,82,79.0,93
78,Male,18,1,4,Hard,3,1,60,81.0,97
79,Female,20,1,4,Hard,1,5,65,59.666666666666664,100
79,Female,20,1,7,Hard,1,5,81,67.0,88
79,Female,20,1,1,Easy,1,4,64,71.33333333333333,95
79,Female,20,1,8,Easy,1,1,70,40.0,44
79,Female,20,1,3,Hard,1,4,91,76.66666666666667,82
79,Female,20,1,7,Hard,2,3,91,76.33333333333333,66
79,Female,20,1,2,Medium,2,5,87,82.33333333333333,63
79,Female,20,1,1,Easy,2,2,71,68.0,52
79,Female,20,1,6,Medium,2,3,87,68.0,77
79,Female,20,1,3,Hard,3,1,86,69.33333333333333,76
79,Female,20,1,2,Medium,3,5,62,67.66666666666667,63
79,Female,20,1,7,Hard,3,2,79,81.0,54
79,Female,20,1,4,Hard,3,1,61,80.66666666666667,58
80,Male,21,1,4,Hard,1,5,70,77.33333333333333,80
80,Male,21,1,6,Medium,1,4,38,39.0,49
80,Male,21,1,3,Hard,1,4,68,65.33333333333333,72
80,Male,21,1,8,Easy,1,1,62,39.666666666666664,41
80,Male,21,1,5,Hard,1,2,44,40.0,43
80,Male,21,1,10,Easy,2,4,73,81.66666666666667,93
80,Male,21,1,1,Easy,2,2,100,81.66666666666667,86
80,Male,21,1,3,Hard,2,5,68,78.33333333333333,68
80,Male,21,1,8,Easy,2,3,78,82.66666666666667,92
80,Male,21,1,9,Medium,3,3,91,88.33333333333333,53
80,Male,21,1,2,Medium,3,5,64,80.33333333333333,65
80,Male,21,1,10,Easy,3,4,80,91.0,65
81,Male,23,1,10,Easy,1,4,87,73.0,82
81,Male,23,1,2,Medium,1,4,62,67.33333333333333,59
81,Male,23,1,4,Hard,1,5,63,80.33333333333333,56
81,Male,23,1,3,Hard,1,4,98,85.33333333333333,94
81,Male,23,1,5,Hard,2,1,95,78.0,54
81,Male,23,1,8,Easy,2,3,73,74.33333333333333,97
81,Male,23,1,10,Easy,2,4,60,43.0,31
81,Male,23,1,1,Easy,2,2,75,68.66666666666667,66
81,Male,23,1,6,Medium,3,3,90,77.33333333333333,96
81,Male,23,1,7,Hard,3,2,62,81.66666666666667,88
81,Male,23,1,4,Hard,3,1,98,83.66666666666667,67
82,Male,19,1,5,Hard,1,2,84,78.66666666666667,74
82,Male,19,1,1,Easy,1,4,72,76.66666666666667,90
82,Male,19,1,6,Medium,1,4,55,35.333333333333336,32
82,Male,19,1,8,Easy,2,3,87,83.66666666666667,50
82,Male,19,1,5,Hard,2,1,46,38.666666666666664,42
82,Male,19,1,10,Easy,2,4,96,57.666666666666664,59
82,Male,19,1,1,Easy,2,2,63,64.0,54
82,Male,19,1,2,Medium,3,5,68,77.0,65
82,Male,19,1,7,Hard,3,2,61,71.66666666666667,75
82,Male,19,1,1,Easy,3,3,73,82.33333333333333,51
82,Male,19,1,3,Hard,3,1,33,47.0,49
83,Male,18,1,9,Medium,1,2,91,81.66666666666667,61
83,Male,18,1,3,Hard,1,4,70,92.66666666666667,100
83,Male,18,1,1,Easy,1,4,66,80.33333333333333,89
83,Male,18,1,8,Easy,1,1,62,74.33333333333333,72
83,Male,18,1,6,Medium,2,3,97,79.33333333333333,97
83,Male,18,1,2,Medium,2,5,76,53.0,51
83,Male,18,1,8,Easy,2,3,99,67.0,59
83,Male,18,1,5,Hard,3,2,65,74.66666666666667,62
83,Male,18,1,9,Medium,3,3,70,73.66666666666667,88
83,Male,18,1,3,Hard,3,1,86,79.66666666666667,86
83,Male,18,1,8,Easy,3,2,63,82.0,63
84,Male,22,1,7,Hard,1,5,73,76.0,85
84,Male,22,1,1,Easy,1,4,62,64.66666666666667,77
84,Male,22,1,6,Medium,1,4,92,85.0,61
84,Male,22,1,5,Hard,1,2,84,75.0,69
84,Male,22,1,10,Easy,2,4,65,77.0,75
84,Male,22,1,8,Easy,2,3,88,73.66666666666667,65
84,Male,22,1,6,Medium,2,3,67,78.66666666666667,97
84,Male,22,1,5,Hard,2,1,95,84.0,76
84,Male,22,1,3,Hard,2,5,45,37.0,45
84,Male,22,1,6,Medium,3,3,68,85.0,64
84,Male,22,1,4,Hard,3,1,62,66.0,75
85,Female,22,1,4,Hard,1,5,42,40.666666666666664,39
85,Female,22,1,8,Easy,1,1,76,76.66666666666667,81
85,Female,22,1,10,Easy,1,4,85,66.33333333333333,64
85,Female,22,1,9,Medium,1,2,61,74.66666666666667,89
85,Female,22,1,5,Hard,2,1,40,43.666666666666664,39
85,Female,22,1,4,Hard,2,4,61,79.66666666666667,61
85,Female,22,1,2,Medium,2,5,75,77.0,67
85,Female,22,1,9,Medium,2,3,87,72.66666666666667,71
85,Female,22,1,1,Easy,3,3,55,39.666666666666664,40
85,Female,22,1,2,Medium,3,5,79,64.33333333333333,88
85,Female,22,1,4,Hard,3,1,99,65.66666666666667,92
85,Female,22,1,7,Hard,3,2,90,81.0,65
86,Female,23,1,10,Easy,1,4,84,72.66666666666667,66
86,Female,23,1,2,Medium,1,4,92,82.33333333333333,87
86,Female,23,1,3,Hard,1,4,87,59.0,70
86,Female,23,1,1,Easy,1,4,90,62.333333333333336,58
86,Female,23,1,2,Medium,2,5,78,78.66666666666667,100
86,Female,23,1,6,Medium,2,3,89,72.33333333333333,60
86,Female,23,1,8,Easy,2,3,99,74.0,69
86,Female,23,1,10,Easy,3,4,64,81.0,72
86,Female,23,1,3,Hard,3,1,81,74.33333333333333,77
86,Female,23,1,7,Hard,3,2,98,79.33333333333333,73
86,Female,23,1,2,Medium,3,5,89,76.0,86
87,Female,22,1,2,Medium,1,4,95,60.333333333333336,96
87,Female,22,1,9,Medium,1,2,65,47.0,45
87,Female,22,1,5,Hard,2,1,81,76.0,91
87,Female,22,1,10,Easy,2,4,92,67.0,81
87,Female,22,1,9,Medium,2,3,76,87.33333333333333,92
87,Female,22,1,3,Hard,2,5,52,38.333333333333336,32
87,Female,22,1,8,Easy,3,2,81,86.66666666666667,57
87,Female,22,1,7,Hard,3,2,72,66.66666666666667,74
87,Female,22,1,9,Medium,3,3,100,73.0,87
87,Female,22,1,4,Hard,3,1,99,65.0,89
88,Female,18,1,7,Hard,1,5,72,66.0,62
88,Female,18,1,6,Medium,1,4,97,78.33333333333333,71
88,Female,18,1,9,Medium,1,2,73,69.0,100
88,Female,18,1,6,Medium,2,3,34,35.333333333333336,33
88,Female,18,1,10,Easy,2,4,92,64.66666666666667,58
88,Female,18,1,1,Easy,3,3,82,73.0,74
88,Female,18,1,3,Hard,3,1,100,77.0,97
88,Female,18,1,10,Easy,3,4,83,91.33333333333333,65
88,Female,18,1,7,Hard,3,2,61,71.66666666666667,71
89,Male,25,1,8,Easy,1,1,85,77.66666666666667,68
89,Male,25,1,10,Easy,1,4,67,69.33333333333333,94
89,Male,25,1,7,Hard,2,3,96,65.66666666666667,84
89,Male,25,1,10,Easy,2,4,90,67.33333333333333,66
89,Male,25,1,9,Medium,2,3,85,72.66666666666667,66
89,Male,25,1,10,Easy,3,4,90,62.333333333333336,71
89,Male,25,1,4,Hard,3,1,75,45.666666666666664,30
89,Male,25,1,1,Easy,3,3,61,67.66666666666667,89
89,Male,25,1,9,Medium,3,3,83,81.0,85
89,Male,25,1,2,Medium,3,5,89,69.33333333333333,77
90,Female,18,1,3,Hard,1,4,67,71.0,60
90,Female,18,1,5,Hard,1,2,65,82.33333333333333,54
90,Female,18,1,10,Easy,2,4,78,83.33333333333333,88
90,Female,18,1,3,Hard,2,5,72,68.0,76
90,Female,18,1,2,Medium,2,5,61,86.66666666666667,96
90,Female,18,1,6,Medium,3,3,89,82.0,72
90,Female,18,1,1,Easy,3,3,30,41.0,34
90,Female,18,1,9,Medium,3,3,59,42.0,36
90,Female,18,1,10,Easy,3,4,86,71.0,86
90,Female,18,1,8,Easy,3,2,97,69.33333333333333,62
91,Female,19,1,6,Medium,1,4,80,70.66666666666667,75
91,Female,19,1,9,Medium,1,2,84,76.66666666666667,72
91,Female,19,1,3,Hard,1,4,65,41.0,43
91,Female,19,1,2,Medium,1,4,78,82.33333333333333,87
91,Female,19,1,4,Hard,2,4,81,70.33333333333333,93
91,Female,19,1,10,Easy,2,4,82,77.0,52
91,Female,19,1,2,Medium,2,5,81,80.33333333333333,71
91,Female,19,1,9,Medium,2,3,95,83.0,74
91,Female,19,1,8,Easy,3,2,70,93.33333333333333,80
91,Female,19,1,9,Medium,3,3,69,62.0,95
91,Female,19,1,4,Hard,3,1,70,84.0,63
92,Male,21,1,9,Medium,1,2,74,86.33333333333333,50
92,Male,21,1,10,Easy,1,4,76,68.33333333333333,79
92,Male,21,1,8,Easy,1,1,75,80.33333333333333,52
92,Male,21,1,4,Hard,2,4,53,37.333333333333336,37
92,Male,21,1,8,Easy,2,3,40,40.333333333333336,31
92,Male,21,1,9,Medium,3,3,66,78.33333333333333,60
92,Male,21,1,6,Medium,3,3,89,81.66666666666667,63
93,Female,25,1,7,Hard,1,5,63,78.66666666666667,97
93,Female,25,1,2,Medium,1,4,93,67.33333333333333,92
93,Female,25,1,5,Hard,1,2,96,72.0,99
93,Female,25,1,10,Easy,1,4,85,74.0,81
93,Female,25,1,2,Medium,2,5,60,35.333333333333336,42
93,Female,25,1,6,Medium,2,3,75,94.33333333333333,58
93,Female,25,1,9,Medium,2,3,85,76.66666666666667,57
93,Female,25,1,8,Easy,2,3,89,71.0,61
93,Female,25,1,4,Hard,3,1,71,84.66666666666667,89
93,Female,25,1,10,Easy,3,4,95,70.66666666666667,65
93,Female,25,1,5,Hard,3,2,83,78.66666666666667,52
93,Female,25,1,9,Medium,3,3,73,78.0,53
94,Male,23,1,4,Hard,1,5,85,74.66666666666667,57
94,Male,23,1,9,Medium,1,2,79,56.666666666666664,100
94,Male,23,1,10,Easy,1,4,82,91.66666666666667,79
94,Male,23,1,5,Hard,1,2,89,76.33333333333333,92
94,Male,23,1,10,Easy,2,4,79,85.33333333333333,53
94,Male,23,1,3,Hard,2,5,96,63.0,51
94,Male,23,1,4,Hard,2,4,37,33.666666666666664,31
94,Male,23,1,7,Hard,2,3,79,93.0,98
94,Male,23,1,2,Medium,3,5,64,35.333333333333336,35
94,Male,23,1,9,Medium,3,3,86,70.33333333333333,57
94,Male,23,1,3,Hard,3,1,84,68.0,83
94,Male,23,1,5,Hard,3,2,85,69.0,63
95,Female,19,1,4,Hard,1,5,91,89.33333333333333,70
95,Female,19,1,1,Easy,1,4,60,61.333333333333336,64
95,Female,19,1,1,Easy,2,2,78,82.66666666666667,57
95,Female,19,1,5,Hard,2,1,83,68.0,66
95,Female,19,1,9,Medium,2,3,47,36.333333333333336,47
95,Female,19,1,4,Hard,2,4,65,66.66666666666667,92
95,Female,19,1,10,Easy,2,4,77,51.666666666666664,60
95,Female,19,1,8,Easy,3,2,83,75.33333333333333,69
95,Female,19,1,10,Easy,3,4,92,96.0,75
95,Female,19,1,1,Easy,3,3,66,42.333333333333336,41
96,Female,20,1,7,Hard,1,5,96,87.0,80
96,Female,20,1,8,Easy,1,1,74,40.666666666666664,33
96,Female,20,1,3,Hard,1,4,89,77.0,63
96,Female,20,1,3,Hard,2,5,60,68.0,100
96,Female,20,1,10,Easy,2,4,52,41.333333333333336,36
96,Female,20,1,9,Medium,2,3,93,84.33333333333333,96
96,Female,20,1,1,Easy,2,2,65,62.333333333333336,88
96,Female,20,1,3,Hard,3,1,73,76.66666666666667,64
96,Female,20,1,7,Hard,3,2,83,73.66666666666667,85
96,Female,20,1,10,Easy,3,4,43,39.333333333333336,38
97,Female,19,1,4,Hard,1,5,77,65.66666666666667,75
97,Female,19,1,3,Hard,1,4,93,80.66666666666667,100
97,Female,19,1,10,Easy,1,4,88,74.33333333333333,76
97,Female,19,1,9,Medium,2,3,74,64.0,60
97,Female,19,1,2,Medium,2,5,89,94.66666666666667,50
97,Female,19,1,8,Easy,2,3,68,66.66666666666667,57
97,Female,19,1,5,Hard,2,1,52,40.666666666666664,36
97,Female,19,1,10,Easy,2,4,70,69.33333333333333,82
97,Female,19,1,8,Easy,3,2,85,90.66666666666667,94
97,Female,19,1,10,Easy,3,4,91,84.0,52
97,Female,19,1,6,Medium,3,3,79,78.66666666666667,92
98,Male,24,1,2,Medium,1,4,55,46.0,48
98,Male,24,1,7,Hard,1,5,60,78.66666666666667,100
98,Male,24,1,1,Easy,1,4,67,41.0,43
98,Male,24,1,3,Hard,2,5,92,70.66666666666667,82
98,Male,24,1,7,Hard,2,3,46,41.333333333333336,37
98,Male,24,1,6,Medium,2,3,89,80.33333333333333,61
98,Male,24,1,1,Easy,2,2,62,80.33333333333333,75
98,Male,24,1,10,Easy,2,4,66,75.0,99
98,Male,24,1,3,Hard,3,1,67,71.0,52
98,Male,24,1,9,Medium,3,3,94,75.66666666666667,92
98,Male,24,1,7,Hard,3,2,82,95.0,57
98,Male,24,1,6,Medium,3,3,84,79.33333333333333,57
99,Female,23,1,2,Medium,1,4,48,43.333333333333336,44
99,Female,23,1,1,Easy,1,4,83,96.33333333333333,55
99,Female,23,1,9,Medium,1,2,99,77.0,97
99,Female,23,1,6,Medium,2,3,92,68.0,99
99,Female,23,1,10,Easy,2,4,66,63.0,82
99,Female,23,1,6,Medium,3,3,66,41.0,39
99,Female,23,1,9,Medium,3,3,88,62.333333333333336,90
99,Female,23,1,2,Medium,3,5,80,87.0,52
99,Female,23,1,1,Easy,3,3,34,39.0,40
99,Female,23,1,3,Hard,3,1,47,42.666666666666664,35
100,Female,25,1,9,Medium,1,2,94,64.33333333333333,87
100,Female,25,1,6,Medium,1,4,70,78.0,81
100,Female,25,1,10,Easy,1,4,83,63.0,75
100,Female,25,1,5,Hard,1,2,64,83.66666666666667,79
100,Female,25,1,9,Medium,2,3,80,66.66666666666667,83
100,Female,25,1,3,Hard,2,5,82,71.33333333333333,57
100,Female,25,1,7,Hard,3,2,49,37.0,45
100,Female,25,1,6,Medium,3,3,77,79.33333333333333,86
101,Male,19,2,19,Easy,1,8,82,85.33333333333333,83
101,Male,19,2,11,Hard,1,6,67,36.666666666666664,47
101,Male,19,2,15,Medium,1,9,90,79.0,87
101,Male,19,2,17,Hard,1,8,84,82.66666666666667,72
101,Male,19,2,20,Easy,2,10,96,89.66666666666667,57
101,Male,19,2,15,Medium,2,8,67,76.66666666666667,78
101,Male,19,2,12,Medium,2,10,79,91.0,98
101,Male,19,2,13,Easy,2,7,70,65.66666666666667,81
101,Male,19,2,15,Medium,3,10,67,73.0,90
101,Male,19,2,20,Easy,3,7,88,61.333333333333336,87
101,Male,19,2,19,Easy,3,7,96,83.66666666666667,66
102,Female,20,2,16,Medium,1,6,83,76.0,58
102,Female,20,2,17,Hard,1,8,75,81.0,97
102,Female,20,2,15,Medium,1,9,99,81.66666666666667,59
102,Female,20,2,11,Hard,1,6,67,71.0,75
102,Female,20,2,18,Hard,1,7,81,76.66666666666667,79
102,Female,20,2,17,Hard,2,10,74,67.66666666666667,80
102,Female,20,2,14,Medium,2,6,60,31.0,35
102,Female,20,2,20,Easy,2,10,99,69.66666666666667,82
102,Female,20,2,16,Medium,3,6,33,40.666666666666664,35
102,Female,20,2,20,Easy,3,7,66,80.33333333333333,74
102,Female,20,2,14,Medium,3,10,70,78.66666666666667,77
103,Female,23,2,20,Easy,1,6,63,87.66666666666667,87
103,Female,23,2,18,Hard,1,7,63,64.0,72
103,Female,23,2,16,Medium,1,6,66,41.333333333333336,38
103,Female,23,2,20,Easy,2,10,83,66.0,72
103,Female,23,2,17,Hard,2,10,67,69.66666666666667,91
103,Female,23,2,11,Hard,3,7,82,73.0,95
103,Female,23,2,15,Medium,3,10,68,64.33333333333333,81
103,Female,23,2,14,Medium,3,10,67,69.66666666666667,79
104,Female,23,2,11,Hard,1,6,90,85.33333333333333,68
104,Female,23,2,20,Easy,1,6,94,58.666666666666664,78
104,Female,23,2,14,Medium,2,6,69,83.33333333333333,77
104,Female,23,2,19,Easy,2,9,97,80.33333333333333,57
104,Female,23,2,20,Easy,2,10,99,85.33333333333333,61
104,Female,23,2,17,Hard,2,10,81,84.0,69
104,Female,23,2,15,Medium,2,8,79,65.33333333333333,62
104,Female,23,2,15,Medium,3,10,99,79.66666666666667,75
104,Female,23,2,19,Easy,3,7,83,76.66666666666667,50
105,Female,23,2,18,Hard,1,7,87,86.66666666666667,50
105,Female,23,2,13,Easy,1,9,61,93.66666666666667,72
105,Female,23,2,20,Easy,1,6,66,85.33333333333333,54
105,Female,23,2,12,Medium,1,8,82,86.0,72
105,Female,23,2,17,Hard,2,10,83,68.0,60
105,Female,23,2,13,Easy,2,7,88,88.33333333333333,81
105,Female,23,2,16,Medium,2,7,79,74.0,71
105,Female,23,2,13,Easy,3,9,82,63.666666666666664,66
105,Female,23,2,18,Hard,3,6,46,43.0,46
105,Female,23,2,20,Easy,3,7,62,88.66666666666667,91
106,Female,22,2,13,Easy,1,9,79,84.33333333333333,98
106,Female,22,2,14,Medium,1,9,76,85.0,81
106,Female,22,2,20,Easy,1,6,66,74.0,100
106,Female,22,2,11,Hard,1,6,88,72.0,69
106,Female,22,2,17,Hard,2,10,94,67.0,88
106,Female,22,2,15,Medium,2,8,83,76.0,56
106,Female,22,2,14,Medium,2,6,95,79.0,63
106,Female,22,2,11,Hard,2,9,62,69.0,91
106,Female,22,2,20,Easy,3,7,85,82.0,78
106,Female,22,2,19,Easy,3,7,91,79.0,88
106,Female,22,2,18,Hard,3,6,82,76.0,72
106,Female,22,2,17,Hard,3,9,79,60.0,77
107,Female,23,2,16,Medium,1,6,40,41.333333333333336,36
107,Female,23,2,14,Medium,1,9,68,59.0,55
107,Female,23,2,15,Medium,1,9,67,87.66666666666667,81
107,Female,23,2,11,Hard,2,9,88,83.33333333333333,80
107,Female,23,2,16,Medium,2,7,98,78.33333333333333,72
107,Female,23,2,17,Hard,2,10,64,84.0,50
107,Female,23,2,19,Easy,3,7,37,35.333333333333336,46
107,Female,23,2,13,Easy,3,9,88,77.66666666666667,53
108,Female,19,2,14,Medium,1,9,62,66.66666666666667,92
108,Female,19,2,13,Easy,1,9,94,62.333333333333336,70
108,Female,19,2,19,Easy,1,8,91,59.666666666666664,99
108,Female,19,2,14,Medium,2,6,79,62.0,86
108,Female,19,2,15,Medium,2,8,37,39.0,31
108,Female,19,2,16,Medium,2,7,82,67.33333333333333,96
108,Female,19,2,19,Easy,2,9,100,65.0,80
108,Female,19,2,12,Medium,3,10,76,57.666666666666664,56
108,Female,19,2,18,Hard,3,6,60,95.66666666666667,61
108,Female,19,2,16,Medium,3,6,81,67.33333333333333,85
108,Female,19,2,17,Hard,3,9,63,56.333333333333336,71
109,Male,18,2,20,Easy,1,6,92,80.66666666666667,62
109,Male,18,2,12,Medium,1,8,67,81.66666666666667,82
109,Male,18,2,14,Medium,1,9,63,42.0,39
109,Male,18,2,13,Easy,1,9,82,77.0,69
109,Male,18,2,17,Hard,1,8,61,84.66666666666667,90
109,Male,18,2,13,Easy,2,7,85,64.0,64
109,Male,18,2,11,Hard,2,9,72,84.66666666666667,72
109,Male,18,2,14,Medium,2,6,99,85.33333333333333,60
109,Male,18,2,12,Medium,3,10,100,77.66666666666667,69
109,Male,18,2,19,Easy,3,7,88,80.33333333333333,87
109,Male,18,2,20,Easy,3,7,60,61.333333333333336,67
110,Female,20,2,15,Medium,1,9,83,72.33333333333333,95
110,Female,20,2,11,Hard,1,6,68,88.33333333333333,84
110,Female,20,2,20,Easy,1,6,83,83.66666666666667,73
110,Female,20,2,13,Easy,2,7,93,68.66666666666667,77
110,Female,20,2,18,Hard,2,6,93,76.33333333333333,65
110,Female,20,2,16,Medium,2,7,79,64.66666666666667,56
110,Female,20,2,19,Easy,3,7,72,39.0,47
110,Female,20,2,14,Medium,3,10,73,70.66666666666667,71
110,Female,20,2,12,Medium,3,10,64,69.0,92
110,Female,20,2,15,Medium,3,10,62,69.0,79
111,Male,25,2,17,Hard,1,8,97,81.0,78
111,Male,25,2,19,Easy,1,8,89,79.0,68
111,Male,25,2,14,Medium,1,9,70,80.33333333333333,93
111,Male,25,2,15,Medium,1,9,66,68.66666666666667,63
111,Male,25,2,17,Hard,2,10,77,58.333333333333336,61
111,Male,25,2,14,Medium,2,6,68,74.66666666666667,70
111,Male,25,2,16,Medium,2,7,76,76.66666666666667,93
111,Male,25,2,15,Medium,2,8,86,74.66666666666667,79
111,Male,25,2,11,Hard,2,9,61,78.0,93
111,Male,25,2,12,Medium,3,10,32,37.666666666666664,42
111,Male,25,2,14,Medium,3,10,87,64.0,95
111,Male,25,2,17,Hard,3,9,92,68.33333333333333,81
111,Male,25,2,16,Medium,3,6,70,97.33333333333333,100
112,Female,20,2,16,Medium,1,6,44,41.0,30
112,Female,20,2,11,Hard,1,6,76,65.66666666666667,57
112,Female,20,2,20,Easy,1,6,66,88.0,90
112,Female,20,2,17,Hard,1,8,74,39.0,30
112,Female,20,2,16,Medium,2,7,78,82.33333333333333,57
112,Female,20,2,17,Hard,2,10,73,79.0,68
112,Female,20,2,18,Hard,2,6,100,70.0,79
112,Female,20,2,14,Medium,2,6,62,58.0,93
112,Female,20,2,13,Easy,3,9,63,78.66666666666667,66
112,Female,20,2,18,Hard,3,6,74,38.333333333333336,35
112,Female,20,2,17,Hard,3,9,91,87.66666666666667,72
112,Female,20,2,15,Medium,3,10,69,87.0,99
113,Male,24,2,19,Easy,1,8,74,70.66666666666667,79
113,Male,24,2,17,Hard,1,8,61,59.333333333333336,92
113,Male,24,2,16,Medium,1,6,88,68.33333333333333,56
113,Male,24,2,15,Medium,1,9,61,75.66666666666667,83
113,Male,24,2,11,Hard,2,9,65,91.0,70
113,Male,24,2,12,Medium,2,10,61,41.666666666666664,44
113,Male,24,2,19,Easy,2,9,100,69.66666666666667,60
113,Male,24,2,20,Easy,2,10,73,73.66666666666667,56
113,Male,24,2,13,Easy,3,9,75,79.0,94
113,Male,24,2,16,Medium,3,6,60,76.33333333333333,80
113,Male,24,2,12,Medium,3,10,65,73.33333333333333,92
113,Male,24,2,11,Hard,3,7,77,78.0,84
114,Male,22,2,19,Easy,1,8,71,78.66666666666667,83
114,Male,22,2,20,Easy,1,6,79,90.0,95
114,Male,22,2,16,Medium,1,6,67,82.66666666666667,89
114,Male,22,2,18,Hard,1,7,95,60.666666666666664,69
114,Male,22,2,12,Medium,2,10,73,84.0,53
114,Male,22,2,19,Easy,2,9,89,88.33333333333333,62
114,Male,22,2,15,Medium,2,8,94,77.0,64
114,Male,22,2,18,Hard,2,6,74,71.33333333333333,75
114,Male,22,2,15,Medium,3,10,70,87.33333333333333,78
114,Male,22,2,13,Easy,3,9,70,59.666666666666664,73
114,Male,22,2,11,Hard,3,7,62,70.66666666666667,60
114,Male,22,2,17,Hard,3,9,68,70.33333333333333,95
115,Male,25,2,18,Hard,1,7,44,42.666666666666664,40
115,Male,25,2,19,Easy,1,8,72,62.333333333333336,50
115,Male,25,2,20,Easy,1,6,74,70.66666666666667,51
115,Male,25,2,18,Hard,2,6,97,65.66666666666667,94
115,Male,25,2,16,Medium,2,7,86,71.0,87
115,Male,25,2,14,Medium,2,6,69,39.333333333333336,38
115,Male,25,2,12,Medium,2,10,91,67.0,53
115,Male,25,2,16,Medium,3,6,63,63.333333333333336,62
115,Male,25,2,11,Hard,3,7,99,60.333333333333336,57
115,Male,25,2,12,Medium,3,10,73,39.333333333333336,46
116,Male,18,2,16,Medium,1,6,95,72.0,84
116,Male,18,2,12,Medium,1,8,68,83.0,95
116,Male,18,2,17,Hard,2,10,71,77.33333333333333,91
116,Male,18,2,14,Medium,2,6,66,77.33333333333333,65
116,Male,18,2,19,Easy,2,9,62,71.33333333333333,100
116,Male,18,2,14,Medium,3,10,77,71.66666666666667,54
116,Male,18,2,16,Medium,3,6,77,81.66666666666667,86
116,Male,18,2,12,Medium,3,10,76,68.33333333333333,87
116,Male,18,2,15,Medium,3,10,63,78.0,72
116,Male,18,2,19,Easy,3,7,86,86.66666666666667,81
117,Female,21,2,12,Medium,1,8,86,68.66666666666667,79
117,Female,21,2,19,Easy,1,8,73,82.0,89
117,Female,21,2,14,Medium,1,9,98,74.66666666666667,61
117,Female,21,2,16,Medium,2,7,67,71.0,80
117,Female,21,2,12,Medium,2,10,88,92.33333333333333,61
117,Female,21,2,15,Medium,2,8,96,77.66666666666667,69
117,Female,21,2,15,Medium,3,10,83,78.0,98
117,Female,21,2,11,Hard,3,7,90,59.666666666666664,65
117,Female,21,2,17,Hard,3,9,76,58.666666666666664,85
117,Female,21,2,14,Medium,3,10,84,83.66666666666667,76
118,Female,21,2,19,Easy,1,8,55,34.666666666666664,31
118,Female,21,2,17,Hard,1,8,69,86.0,63
118,Female,21,2,14,Medium,1,9,66,80.33333333333333,51
118,Female,21,2,16,Medium,1,6,62,45.0,45
118,Female,21,2,13,Easy,2,7,69,64.33333333333333,53
118,Female,21,2,20,Easy,2,10,72,92.66666666666667,54
118,Female,21,2,12,Medium,2,10,99,75.33333333333333,60
118,Female,21,2,17,Hard,2,10,32,37.0,46
118,Female,21,2,13,Easy,3,9,64,77.0,87
118,Female,21,2,12,Medium,3,10,62,36.666666666666664,42
118,Female,21,2,11,Hard,3,7,100,78.33333333333333,100
119,Female,25,2,11,Hard,1,6,84,67.0,53
119,Female,25,2,17,Hard,1,8,30,33.666666666666664,41
119,Female,25,2,14,Medium,1,9,97,73.33333333333333,95
119,Female,25,2,16,Medium,2,7,60,70.66666666666667,91
119,Female,25,2,20,Easy,2,10,77,79.33333333333333,51
119,Female,25,2,15,Medium,2,8,100,65.66666666666667,69
119,Female,25,2,13,Easy,2,7,98,81.0,83
119,Female,25,2,12,Medium,2,10,94,72.33333333333333,64
119,Female,25,2,11,Hard,3,7,74,89.0,58
119,Female,25,2,17,Hard,3,9,71,65.66666666666667,65
120,Male,24,2,11,Hard,1,6,41,35.333333333333336,39
120,Male,24,2,13,Easy,1,9,94,78.0,81
120,Male,24,2,15,Medium,1,9,93,66.66666666666667,79
120,Male,24,2,17,Hard,1,8,86,57.666666666666664,76
120,Male,24,2,17,Hard,2,10,98,64.33333333333333,74
120,Male,24,2,16,Medium,2,7,48,33.666666666666664,32
120,Male,24,2,14,Medium,3,10,66,83.0,88
120,Male,24,2,12,Medium,3,10,60,40.333333333333336,36
120,Male,24,2,13,Easy,3,9,63,68.33333333333333,59
120,Male,24,2,18,Hard,3,6,72,39.0,38
121,Female,20,2,18,Hard,1,7,87,74.66666666666667,92
121,Female,20,2,17,Hard,1,8,95,90.66666666666667,90
121,Female,20,2,12,Medium,2,10,66,75.66666666666667,75
121,Female,20,2,20,Easy,2,10,40,36.333333333333336,30
121,Female,20,2,13,Easy,2,7,70,62.333333333333336,97
121,Female,20,2,14,Medium,2,6,85,72.33333333333333,78
121,Female,20,2,13,Easy,3,9,70,61.333333333333336,95
121,Female,20,2,17,Hard,3,9,74,43.333333333333336,38
121,Female,20,2,15,Medium,3,10,73,65.0,65
121,Female,20,2,14,Medium,3,10,62,77.33333333333333,70
121,Female,20,2,12,Medium,3,10,96,71.66666666666667,99
122,Female,21,2,17,Hard,1,8,63,76.33333333333333,94
122,Female,21,2,20,Easy,1,6,67,80.0,76
122,Female,21,2,16,Medium,2,7,80,72.0,94
122,Female,21,2,19,Easy,2,9,96,78.0,59
122,Female,21,2,14,Medium,2,6,87,67.33333333333333,100
122,Female,21,2,11,Hard,2,9,95,63.0,83
122,Female,21,2,12,Medium,3,10,98,89.0,82
122,Female,21,2,16,Medium,3,6,68,89.33333333333333,57
122,Female,21,2,13,Easy,3,9,92,78.0,90
122,Female,21,2,15,Medium,3,10,72,77.0,66
123,Female,20,2,20,Easy,1,6,87,73.66666666666667,95
123,Female,20,2,11,Hard,1,6,78,76.0,58
123,Female,20,2,15,Medium,1,9,65,55.333333333333336,70
123,Female,20,2,12,Medium,1,8,99,57.0,93
123,Female,20,2,14,Medium,2,6,94,89.33333333333333,76
123,Female,20,2,19,Easy,2,9,78,74.33333333333333,78
123,Female,20,2,18,Hard,2,6,98,66.66666666666667,79
123,Female,20,2,16,Medium,2,7,92,88.66666666666667,57
123,Female,20,2,15,Medium,3,10,72,76.66666666666667,94
123,Female,20,2,14,Medium,3,10,79,78.66666666666667,97
123,Female,20,2,16,Medium,3,6,62,75.0,55
123,Female,20,2,12,Medium,3,10,55,35.333333333333336,42
124,Female,23,2,11,Hard,1,6,67,73.0,75
124,Female,23,2,19,Easy,1,8,67,83.0,82
124,Female,23,2,20,Easy,1,6,76,64.66666666666667,59
124,Female,23,2,14,Medium,1,9,75,37.666666666666664,48
124,Female,23,2,16,Medium,2,7,81,82.0,64
124,Female,23,2,12,Medium,2,10,72,93.33333333333333,55
124,Female,23,2,15,Medium,2,8,73,77.33333333333333,67
124,Female,23,2,18,Hard,2,6,92,81.0,63
124,Female,23,2,13,Easy,2,7,76,64.66666666666667,54
124,Female,23,2,16,Medium,3,6,94,70.0,98
124,Female,23,2,13,Easy,3,9,77,64.33333333333333,100
124,Female,23,2,12,Medium,3,10,79,74.66666666666667,58
124,Female,23,2,19,Easy,3,7,66,67.0,60
125,Male,19,2,13,Easy,1,9,95,71.0,93
125,Male,19,2,17,Hard,1,8,60,38.666666666666664,46
125,Male,19,2,18,Hard,1,7,89,68.66666666666667,80
125,Male,19,2,18,Hard,2,6,79,80.0,67
125,Male,19,2,16,Medium,2,7,71,84.66666666666667,85
125,Male,19,2,19,Easy,2,9,60,84.33333333333333,81
125,Male,19,2,13,Easy,3,9,97,68.33333333333333,61
125,Male,19,2,20,Easy,3,7,89,62.333333333333336,65
125,Male,19,2,15,Medium,3,10,38,42.333333333333336,38
126,Male,21,2,16,Medium,1,6,30,40.0,39
126,Male,21,2,13,Easy,1,9,60,73.33333333333333,51
126,Male,21,2,13,Easy,2,7,30,38.666666666666664,36
126,Male,21,2,17,Hard,2,10,65,74.0,87
126,Male,21,2,18,Hard,2,6,96,64.33333333333333,73
126,Male,21,2,11,Hard,2,9,89,61.333333333333336,95
126,Male,21,2,13,Easy,3,9,83,81.66666666666667,70
126,Male,21,2,16,Medium,3,6,69,82.33333333333333,57
126,Male,21,2,15,Medium,3,10,88,94.66666666666667,77
127,Male,23,2,14,Medium,1,9,69,86.66666666666667,60
127,Male,23,2,13,Easy,1,9,85,55.0,53
127,Male,23,2,17,Hard,1,8,98,70.66666666666667,77
127,Male,23,2,19,Easy,1,8,89,76.0,73
127,Male,23,2,13,Easy,2,7,61,76.0,79
127,Male,23,2,20,Easy,2,10,94,84.33333333333333,75
127,Male,23,2,11,Hard,2,9,85,92.66666666666667,55
127,Male,23,2,19,Easy,2,9,73,89.0,61
127,Male,23,2,20,Easy,3,7,77,57.666666666666664,92
127,Male,23,2,15,Medium,3,10,88,71.0,55
127,Male,23,2,11,Hard,3,7,74,39.666666666666664,42
128,Female,24,2,14,Medium,1,9,34,46.666666666666664,40
128,Female,24,2,16,Medium,1,6,46,43.333333333333336,37
128,Female,24,2,17,Hard,1,8,69,78.66666666666667,64
128,Female,24,2,19,Easy,1,8,77,68.0,69
128,Female,24,2,20,Easy,1,6,89,74.33333333333333,75
128,Female,24,2,16,Medium,2,7,67,79.33333333333333,90
128,Female,24,2,11,Hard,2,9,62,69.0,82
128,Female,24,2,14,Medium,2,6,78,87.0,93
128,Female,24,2,12,Medium,2,10,64,67.33333333333333,89
128,Female,24,2,20,Easy,3,7,87,82.33333333333333,61
128,Female,24,2,19,Easy,3,7,97,77.33333333333333,92
128,Female,24,2,12,Medium,3,10,94,64.66666666666667,50
129,Female,22,2,19,Easy,1,8,93,62.666666666666664,52
129,Female,22,2,20,Easy,1,6,55,38.0,30
129,Female,22,2,11,Hard,1,6,55,44.0,47
129,Female,22,2,15,Medium,1,9,66,87.33333333333333,79
129,Female,22,2,18,Hard,1,7,91,66.0,82
129,Female,22,2,16,Medium,2,7,80,72.33333333333333,73
129,Female,22,2,13,Easy,2,7,64,72.66666666666667,88
129,Female,22,2,15,Medium,2,8,89,73.66666666666667,66
129,Female,22,2,14,Medium,3,10,88,89.33333333333333,96
129,Female,22,2,19,Easy,3,7,97,63.0,54
129,Female,22,2,15,Medium,3,10,82,76.66666666666667,60
130,Male,22,2,15,Medium,1,9,85,76.0,60
130,Male,22,2,11,Hard,1,6,81,64.0,63
130,Male,22,2,13,Easy,1,9,60,40.0,37
130,Male,22,2,19,Easy,1,8,88,79.0,95
130,Male,22,2,19,Easy,2,9,64,75.33333333333333,53
130,Male,22,2,17,Hard,2,10,80,66.66666666666667,85
130,Male,22,2,11,Hard,3,7,95,68.0,68
130,Male,22,2,20,Easy,3,7,83,67.33333333333333,56
130,Male,22,2,18,Hard,3,6,98,73.66666666666667,97
131,Female,23,2,11,Hard,1,6,86,80.66666666666667,95
131,Female,23,2,17,Hard,1,8,81,81.33333333333333,56
131,Female,23,2,18,Hard,1,7,73,58.333333333333336,54
131,Female,23,2,15,Medium,1,9,62,81.0,52
131,Female,23,2,11,Hard,2,9,74,83.33333333333333,69
131,Female,23,2,15,Medium,2,8,78,64.66666666666667,97
131,Female,23,2,17,Hard,3,9,78,82.33333333333333,91
131,Female,23,2,11,Hard,3,7,81,79.66666666666667,66
131,Female,23,2,14,Medium,3,10,92,91.66666666666667,80
132,Male,22,2,11,Hard,1,6,77,74.66666666666667,82
132,Male,22,2,19,Easy,1,8,87,71.0,52
132,Male,22,2,20,Easy,1,6,95,85.33333333333333,72
132,Male,22,2,18,Hard,1,7,93,85.33333333333333,76
132,Male,22,2,16,Medium,2,7,76,71.0,56
132,Male,22,2,13,Easy,2,7,73,74.33333333333333,90
132,Male,22,2,11,Hard,2,9,61,45.0,36
132,Male,22,2,18,Hard,3,6,69,78.66666666666667,78
132,Male,22,2,19,Easy,3,7,62,70.0,74
132,Male,22,2,20,Easy,3,7,87,71.66666666666667,62
132,Male,22,2,16,Medium,3,6,77,85.66666666666667,56
132,Male,22,2,15,Medium,3,10,93,77.0,68
133,Male,20,2,12,Medium,1,8,50,36.666666666666664,33
133,Male,20,2,13,Easy,1,9,61,69.33333333333333,87
133,Male,20,2,16,Medium,2,7,84,63.0,94
133,Male,20,2,17,Hard,2,10,74,74.0,95
133,Male,20,2,13,Easy,2,7,94,78.66666666666667,89
133,Male,20,2,15,Medium,2,8,67,66.33333333333333,70
133,Male,20,2,13,Easy,3,9,85,78.66666666666667,65
133,Male,20,2,15,Medium,3,10,90,66.0,66
133,Male,20,2,20,Easy,3,7,62,61.333333333333336,91
133,Male,20,2,16,Medium,3,6,87,73.0,85
134,Male,24,2,16,Medium,1,6,83,66.33333333333333,97
134,Male,24,2,17,Hard,1,8,83,79.66666666666667,98
134,Male,24,2,15,Medium,1,9,96,64.33333333333333,90
134,Male,24,2,14,Medium,1,9,54,39.0,30
134,Male,24,2,12,Medium,2,10,90,95.0,86
134,Male,24,2,13,Easy,2,7,85,85.33333333333333,99
134,Male,24,2,15,Medium,2,8,73,38.666666666666664,35
134,Male,24,2,19,Easy,2,9,92,69.66666666666667,92
134,Male,24,2,14,Medium,3,10,69,46.666666666666664,42
134,Male,24,2,20,Easy,3,7,46,35.0,49
134,Male,24,2,15,Medium,3,10,67,41.666666666666664,38
134,Male,24,2,18,Hard,3,6,64,86.0,86
135,Male,21,2,12,Medium,1,8,68,83.66666666666667,62
135,Male,21,2,19,Easy,1,8,79,79.33333333333333,81
135,Male,21,2,18,Hard,2,6,78,62.666666666666664,88
135,Male,21,2,12,Medium,2,10,66,57.0,81
135,Male,21,2,13,Easy,2,7,63,68.0,89
135,Male,21,2,19,Easy,2,9,97,65.0,53
135,Male,21,2,15,Medium,3,10,71,77.33333333333333,96
135,Male,21,2,14,Medium,3,10,84,62.666666666666664,83
135,Male,21,2,19,Easy,3,7,81,74.66666666666667,92
136,Female,21,2,11,Hard,1,6,69,36.333333333333336,36
136,Female,21,2,17,Hard,1,8,64,66.66666666666667,76
136,Female,21,2,19,Easy,1,8,66,79.33333333333333,88
136,Female,21,2,15,Medium,2,8,87,76.0,92
136,Female,21,2,12,Medium,2,10,71,40.0,49
136,Female,21,2,19,Easy,2,9,96,77.66666666666667,62
136,Female,21,2,17,Hard,2,10,87,75.0,64
136,Female,21,2,11,Hard,3,7,93,76.33333333333333,96
136,Female,21,2,20,Easy,3,7,70,44.666666666666664,39
136,Female,21,2,14,Medium,3,10,100,77.33333333333333,57
137,Female,20,2,13,Easy,1,9,65,76.33333333333333,80
137,Female,20,2,18,Hard,1,7,70,80.33333333333333,86
137,Female,20,2,15,Medium,1,9,60,75.66666666666667,71
137,Female,20,2,20,Easy,2,10,70,79.33333333333333,91
137,Female,20,2,12,Medium,2,10,65,81.66666666666667,94
137,Female,20,2,18,Hard,2,6,96,66.33333333333333,66
137,Female,20,2,17,Hard,2,10,65,77.66666666666667,54
137,Female,20,2,14,Medium,3,10,99,74.66666666666667,96
137,Female,20,2,16,Medium,3,6,61,72.66666666666667,97
137,Female,20,2,12,Medium,3,10,61,77.33333333333333,66
138,Female,25,2,11,Hard,1,6,100,53.0,51
138,Female,25,2,15,Medium,1,9,75,60.0,59
138,Female,25,2,20,Easy,1,6,84,61.333333333333336,61
138,Female,25,2,16,Medium,1,6,71,87.66666666666667,98
138,Female,25,2,15,Medium,2,8,76,82.0,69
138,Female,25,2,13,Easy,2,7,84,76.33333333333333,51
138,Female,25,2,16,Medium,2,7,87,58.333333333333336,85
138,Female,25,2,17,Hard,2,10,97,69.0,77
138,Female,25,2,20,Easy,2,10,72,83.66666666666667,69
138,Female,25,2,15,Medium,3,10,74,41.333333333333336,40
138,Female,25,2,20,Easy,3,7,60,67.33333333333333,64
138,Female,25,2,18,Hard,3,6,69,81.33333333333333,69
138,Female,25,2,13,Easy,3,9,69,75.0,81
139,Male,23,2,20,Easy,1,6,35,32.666666666666664,45
139,Male,23,2,13,Easy,1,9,91,81.33333333333333,64
139,Male,23,2,11,Hard,1,6,69,80.0,76
139,Male,23,2,15,Medium,1,9,42,39.333333333333336,40
139,Male,23,2,17,Hard,1,8,82,95.33333333333333,50
139,Male,23,2,17,Hard,2,10,68,64.33333333333333,90
139,Male,23,2,18,Hard,2,6,63,76.66666666666667,76
139,Male,23,2,13,Easy,2,7,80,83.66666666666667,82
139,Male,23,2,12,Medium,3,10,97,69.33333333333333,86
139,Male,23,2,15,Medium,3,10,81,67.33333333333333,61
139,Male,23,2,13,Easy,3,9,86,77.33333333333333,51
140,Female,20,2,11,Hard,1,6,71,75.0,97
140,Female,20,2,16,Medium,1,6,78,83.66666666666667,96
140,Female,20,2,15,Medium,1,9,61,81.66666666666667,50
140,Female,20,2,19,Easy,1,8,62,86.0,83
140,Female,20,2,11,Hard,2,9,61,44.666666666666664,33
140,Female,20,2,18,Hard,2,6,67,70.0,66
140,Female,20,2,17,Hard,2,10,90,76.33333333333333,60
140,Female,20,2,13,Easy,3,9,95,73.33333333333333,92
140,Female,20,2,20,Easy,3,7,80,66.0,64
140,Female,20,2,18,Hard,3,6,78,72.66666666666667,74
141,Female,23,2,11,Hard,1,6,56,35.666666666666664,31
141,Female,23,2,19,Easy,1,8,63,77.33333333333333,94
141,Female,23,2,20,Easy,1,6,63,75.0,83
141,Female,23,2,16,Medium,2,7,81,58.666666666666664,57
141,Female,23,2,13,Easy,2,7,62,79.66666666666667,60
141,Female,23,2,19,Easy,3,7,84,74.66666666666667,56
141,Female,23,2,20,Easy,3,7,71,36.333333333333336,44
141,Female,23,2,14,Medium,3,10,82,70.0,76
141,Female,23,2,12,Medium,3,10,99,70.33333333333333,98
142,Female,19,2,19,Easy,1,8,71,66.66666666666667,70
142,Female,19,2,12,Medium,1,8,89,75.33333333333333,82
142,Female,19,2,11,Hard,1,6,86,82.33333333333333,73
142,Female,19,2,18,Hard,2,6,62,74.66666666666667,69
142,Female,19,2,11,Hard,2,9,64,35.666666666666664,35
142,Female,19,2,20,Easy,2,10,64,71.33333333333333,52
142,Female,19,2,14,Medium,3,10,71,63.0,99
142,Female,19,2,11,Hard,3,7,59,45.333333333333336,34
142,Female,19,2,13,Easy,3,9,81,71.0,83
142,Female,19,2,19,Easy,3,7,60,80.66666666666667,82
143,Male,21,2,19,Easy,1,8,52,35.666666666666664,46
143,Male,21,2,17,Hard,1,8,91,58.0,74
143,Male,21,2,13,Easy,1,9,70,78.33333333333333,54
143,Male,21,2,11,Hard,1,6,71,77.66666666666667,80
143,Male,21,2,11,Hard,2,9,94,68.33333333333333,81
143,Male,21,2,13,Easy,2,7,63,82.33333333333333,84
143,Male,21,2,19,Easy,2,9,92,69.33333333333333,50
143,Male,21,2,14,Medium,2,6,98,91.66666666666667,67
143,Male,21,2,17,Hard,3,9,70,43.0,40
143,Male,21,2,11,Hard,3,7,43,41.333333333333336,30
143,Male,21,2,16,Medium,3,6,64,74.33333333333333,58
144,Female,23,2,17,Hard,1,8,96,71.33333333333333,68
144,Female,23,2,18,Hard,1,7,64,61.0,85
144,Female,23,2,14,Medium,1,9,93,74.66666666666667,66
144,Female,23,2,20,Easy,1,6,66,73.33333333333333,64
144,Female,23,2,18,Hard,2,6,73,66.0,66
144,Female,23,2,11,Hard,2,9,68,92.0,80
144,Female,23,2,15,Medium,2,8,60,73.0,55
144,Female,23,2,17,Hard,2,10,94,73.66666666666667,78
144,Female,23,2,14,Medium,3,10,94,70.66666666666667,71
144,Female,23,2,15,Medium,3,10,85,91.0,87
144,Female,23,2,17,Hard,3,9,73,74.66666666666667,73
144,Female,23,2,20,Easy,3,7,76,71.0,100
145,Female,22,2,20,Easy,1,6,84,57.666666666666664,98
145,Female,22,2,14,Medium,1,9,99,74.66666666666667,87
145,Female,22,2,17,Hard,1,8,30,43.0,48
145,Female,22,2,18,Hard,2,6,66,81.0,96
145,Female,22,2,19,Easy,2,9,99,88.66666666666667,91
145,Female,22,2,12,Medium,2,10,88,92.33333333333333,62
145,Female,22,2,11,Hard,3,7,71,71.33333333333333,78
145,Female,22,2,18,Hard,3,6,53,45.333333333333336,36
145,Female,22,2,15,Medium,3,10,92,95.66666666666667,68
146,Male,23,2,15,Medium,1,9,70,68.33333333333333,97
146,Male,23,2,13,Easy,1,9,42,41.0,47
146,Male,23,2,19,Easy,1,8,68,69.0,69
146,Male,23,2,17,Hard,1,8,94,68.66666666666667,95
146,Male,23,2,14,Medium,2,6,71,81.66666666666667,54
146,Male,23,2,18,Hard,2,6,75,80.33333333333333,69
146,Male,23,2,17,Hard,2,10,74,63.666666666666664,98
146,Male,23,2,13,Easy,2,7,70,67.33333333333333,92
146,Male,23,2,18,Hard,3,6,87,82.0,91
146,Male,23,2,15,Medium,3,10,72,63.666666666666664,62
146,Male,23,2,11,Hard,3,7,72,60.333333333333336,53
146,Male,23,2,12,Medium,3,10,89,74.66666666666667,74
147,Female,22,2,18,Hard,1,7,89,79.66666666666667,55
147,Female,22,2,20,Easy,1,6,97,68.33333333333333,52
147,Female,22,2,13,Easy,1,9,69,42.0,31
147,Female,22,2,20,Easy,2,10,68,68.66666666666667,82
147,Female,22,2,19,Easy,2,9,100,94.0,50
147,Female,22,2,15,Medium,2,8,97,87.66666666666667,80
147,Female,22,2,11,Hard,3,7,66,73.33333333333333,78
147,Female,22,2,12,Medium,3,10,84,74.0,87
148,Female,19,2,18,Hard,1,7,100,76.0,68
148,Female,19,2,12,Medium,1,8,88,69.33333333333333,90
148,Female,19,2,14,Medium,1,9,91,82.0,88
148,Female,19,2,16,Medium,1,6,62,69.66666666666667,75
148,Female,19,2,19,Easy,2,9,65,85.0,92
148,Female,19,2,11,Hard,2,9,84,80.0,63
148,Female,19,2,14,Medium,2,6,60,85.33333333333333,95
148,Female,19,2,13,Easy,2,7,100,75.33333333333333,98
148,Female,19,2,17,Hard,3,9,30,34.666666666666664,33
148,Female,19,2,14,Medium,3,10,99,78.33333333333333,50
149,Male,20,2,18,Hard,1,7,90,76.66666666666667,71
149,Male,20,2,20,Easy,1,6,87,77.66666666666667,81
149,Male,20,2,19,Easy,1,8,68,63.333333333333336,89
149,Male,20,2,17,Hard,2,10,98,72.33333333333333,84
149,Male,20,2,20,Easy,2,10,99,75.33333333333333,94
149,Male,20,2,18,Hard,2,6,69,62.0,96
149,Male,20,2,17,Hard,3,9,92,77.0,69
149,Male,20,2,15,Medium,3,10,73,78.66666666666667,86
149,Male,20,2,18,Hard,3,6,80,63.666666666666664,85
150,Male,18,2,17,Hard,1,8,65,82.33333333333333,76
150,Male,18,2,14,Medium,1,9,99,70.33333333333333,93
150,Male,18,2,18,Hard,1,7,50,38.0,35
150,Male,18,2,11,Hard,1,6,81,82.66666666666667,67
150,Male,18,2,19,Easy,2,9,75,36.333333333333336,36
150,Male,18,2,15,Medium,2,8,75,66.66666666666667,74
150,Male,18,2,20,Easy,2,10,81,68.66666666666667,64
150,Male,18,2,16,Medium,2,7,41,41.666666666666664,49
150,Male,18,2,17,Hard,3,9,83,76.33333333333333,60
150,Male,18,2,14,Medium,3,10,75,57.0,76
150,Male,18,2,20,Easy,3,7,71,43.333333333333336,48
150,Male,18,2,11,Hard,3,7,97,81.66666666666667,58
151,Male,21,2,11,Hard,1,6,78,61.0,76
151,Male,21,2,12,Medium,1,8,78,77.66666666666667,62
151,Male,21,2,19,Easy,2,9,98,76.33333333333333,84
151,Male,21,2,17,Hard,2,10,99,79.33333333333333,75
151,Male,21,2,20,Easy,2,10,88,67.0,74
151,Male,21,2,18,Hard,2,6,33,36.333333333333336,49
151,Male,21,2,16,Medium,2,7,90,76.33333333333333,62
151,Male,21,2,13,Easy,3,9,76,71.33333333333333,68
151,Male,21,2,18,Hard,3,6,91,85.33333333333333,57
151,Male,21,2,15,Medium,3,10,87,72.66666666666667,89
152,Female,20,2,16,Medium,1,6,63,63.666666666666664,88
152,Female,20,2,13,Easy,1,9,91,78.33333333333333,62
152,Female,20,2,14,Medium,1,9,61,73.33333333333333,91
152,Female,20,2,20,Easy,1,6,66,36.666666666666664,37
152,Female,20,2,17,Hard,2,10,60,84.66666666666667,52
152,Female,20,2,19,Easy,2,9,93,77.66666666666667,65
152,Female,20,2,14,Medium,2,6,65,69.66666666666667,76
152,Female,20,2,20,Easy,2,10,62,78.33333333333333,99
152,Female,20,2,20,Easy,3,7,70,70.66666666666667,78
152,Female,20,2,12,Medium,3,10,43,40.666666666666664,43
152,Female,20,2,18,Hard,3,6,75,81.33333333333333,82
152,Female,20,2,14,Medium,3,10,82,68.33333333333333,67
153,Female,23,2,15,Medium,1,9,82,71.66666666666667,75
153,Female,23,2,19,Easy,1,8,35,41.666666666666664,34
153,Female,23,2,14,Medium,1,9,80,81.33333333333333,75
153,Female,23,2,11,Hard,2,9,50,42.666666666666664,38
153,Female,23,2,14,Medium,2,6,70,75.66666666666667,92
153,Female,23,2,12,Medium,2,10,82,75.66666666666667,89
153,Female,23,2,17,Hard,2,10,62,70.0,98
153,Female,23,2,20,Easy,2,10,68,62.666666666666664,78
153,Female,23,2,15,Medium,3,10,36,39.333333333333336,40
153,Female,23,2,17,Hard,3,9,78,84.66666666666667,87
153,Female,23,2,11,Hard,3,7,54,32.666666666666664,38
154,Male,22,2,15,Medium,1,9,97,86.66666666666667,67
154,Male,22,2,16,Medium,1,6,82,76.66666666666667,78
154,Male,22,2,20,Easy,1,6,64,80.66666666666667,76
154,Male,22,2,18,Hard,1,7,82,71.33333333333333,83
154,Male,22,2,13,Easy,2,7,70,70.33333333333333,56
154,Male,22,2,12,Medium,2,10,66,85.66666666666667,71
154,Male,22,2,16,Medium,2,7,73,60.333333333333336,86
154,Male,22,2,18,Hard,3,6,40,37.0,47
154,Male,22,2,20,Easy,3,7,81,88.33333333333333,57
154,Male,22,2,16,Medium,3,6,87,74.33333333333333,85
155,Female,21,2,12,Medium,1,8,69,77.33333333333333,80
155,Female,21,2,11,Hard,1,6,69,73.0,94
155,Female,21,2,17,Hard,1,8,45,39.666666666666664,31
155,Female,21,2,20,Easy,1,6,80,74.66666666666667,84
155,Female,21,2,17,Hard,2,10,62,80.33333333333333,51
155,Female,21,2,11,Hard,2,9,76,71.33333333333333,51
155,Female,21,2,19,Easy,2,9,46,36.333333333333336,35
155,Female,21,2,18,Hard,3,6,69,60.666666666666664,77
155,Female,21,2,11,Hard,3,7,75,33.0,41
155,Female,21,2,13,Easy,3,9,53,42.0,42
155,Female,21,2,20,Easy,3,7,90,82.66666666666667,90
155,Female,21,2,14,Medium,3,10,82,82.33333333333333,70
156,Male,25,2,20,Easy,1,6,42,34.333333333333336,40
156,Male,25,2,16,Medium,1,6,71,70.66666666666667,85
156,Male,25,2,15,Medium,1,9,75,61.666666666666664,61
156,Male,25,2,14,Medium,1,9,66,69.33333333333333,97
156,Male,25,2,16,Medium,2,7,69,78.33333333333333,98
156,Male,25,2,13,Easy,2,7,32,41.333333333333336,49
156,Male,25,2,19,Easy,3,7,55,35.666666666666664,49
156,Male,25,2,15,Medium,3,10,37,43.666666666666664,30
156,Male,25,2,13,Easy,3,9,76,72.33333333333333,75
157,Male,19,2,17,Hard,1,8,60,80.0,66
157,Male,19,2,14,Medium,1,9,72,78.66666666666667,63
157,Male,19,2,18,Hard,1,7,63,79.33333333333333,53
157,Male,19,2,18,Hard,2,6,61,44.0,48
157,Male,19,2,19,Easy,2,9,41,36.333333333333336,31
157,Male,19,2,14,Medium,3,10,73,77.66666666666667,78
157,Male,19,2,18,Hard,3,6,55,36.666666666666664,46
157,Male,19,2,19,Easy,3,7,92,85.66666666666667,99
157,Male,19,2,17,Hard,3,9,71,76.0,55
158,Male,21,2,19,Easy,1,8,67,74.0,89
158,Male,21,2,12,Medium,1,8,85,76.0,78
158,Male,21,2,13,Easy,1,9,95,69.0,89
158,Male,21,2,18,Hard,2,6,75,67.33333333333333,80
158,Male,21,2,19,Easy,2,9,70,70.66666666666667,88
158,Male,21,2,14,Medium,2,6,39,41.666666666666664,33
158,Male,21,2,14,Medium,3,10,87,82.33333333333333,67
158,Male,21,2,12,Medium,3,10,76,84.66666666666667,95
158,Male,21,2,20,Easy,3,7,81,84.66666666666667,74
159,Female,24,2,15,Medium,1,9,92,59.666666666666664,51
159,Female,24,2,18,Hard,1,7,70,71.33333333333333,73
159,Female,24,2,20,Easy,2,10,68,72.0,64
159,Female,24,2,19,Easy,2,9,72,64.33333333333333,76
159,Female,24,2,17,Hard,2,10,79,70.33333333333333,64
159,Female,24,2,18,Hard,3,6,69,76.0,76
159,Female,24,2,19,Easy,3,7,93,67.0,56
159,Female,24,2,11,Hard,3,7,94,67.0,68
159,Female,24,2,16,Medium,3,6,66,86.33333333333333,90
160,Male,20,2,15,Medium,1,9,57,35.333333333333336,40
160,Male,20,2,18,Hard,1,7,87,73.66666666666667,55
160,Male,20,2,19,Easy,1,8,74,36.666666666666664,30
160,Male,20,2,16,Medium,1,6,37,40.0,31
160,Male,20,2,12,Medium,2,10,69,76.0,90
160,Male,20,2,15,Medium,2,8,63,80.0,55
160,Male,20,2,11,Hard,2,9,35,42.666666666666664,35
160,Male,20,2,13,Easy,2,7,88,78.66666666666667,55
160,Male,20,2,13,Easy,3,9,94,64.33333333333333,96
160,Male,20,2,18,Hard,3,6,68,71.66666666666667,56
160,Male,20,2,19,Easy,3,7,74,71.0,67
160,Male,20,2,17,Hard,3,9,62,80.0,54
161,Male,22,2,20,Easy,1,6,61,56.666666666666664,83
161,Male,22,2,18,Hard,1,7,92,65.0,81
161,Male,22,2,12,Medium,1,8,79,75.0,62
161,Male,22,2,15,Medium,1,9,60,87.0,59
161,Male,22,2,16,Medium,2,7,65,68.33333333333333,95
161,Male,22,2,14,Medium,2,6,76,86.33333333333333,76
161,Male,22,2,12,Medium,2,10,67,38.0,46
161,Male,22,2,13,Easy,2,7,92,68.33333333333333,100
161,Male,22,2,20,Easy,2,10,69,85.66666666666667,61
161,Male,22,2,14,Medium,3,10,76,63.333333333333336,86
161,Male,22,2,16,Medium,3,6,97,62.666666666666664,85
161,Male,22,2,18,Hard,3,6,56,35.333333333333336,35
161,Male,22,2,12,Medium,3,10,71,77.0,55
162,Female,24,2,18,Hard,1,7,68,85.33333333333333,81
162,Female,24,2,15,Medium,1,9,74,73.0,91
162,Female,24,2,17,Hard,2,10,64,86.66666666666667,54
162,Female,24,2,19,Easy,2,9,82,87.66666666666667,76
162,Female,24,2,16,Medium,2,7,61,77.0,63
162,Female,24,2,19,Easy,3,7,81,72.0,76
162,Female,24,2,12,Medium,3,10,83,88.33333333333333,74
162,Female,24,2,18,Hard,3,6,81,57.0,52
163,Male,18,2,15,Medium,1,9,94,75.33333333333333,92
163,Male,18,2,12,Medium,1,8,98,66.66666666666667,69
163,Male,18,2,20,Easy,1,6,98,77.33333333333333,77
163,Male,18,2,20,Easy,2,10,87,86.33333333333333,82
163,Male,18,2,14,Medium,2,6,66,34.0,35
163,Male,18,2,16,Medium,2,7,62,32.333333333333336,32
163,Male,18,2,15,Medium,2,8,56,37.333333333333336,40
163,Male,18,2,11,Hard,2,9,67,93.33333333333333,55
163,Male,18,2,16,Medium,3,6,81,73.66666666666667,73
163,Male,18,2,13,Easy,3,9,71,40.333333333333336,34
163,Male,18,2,19,Easy,3,7,86,66.66666666666667,59
163,Male,18,2,17,Hard,3,9,99,82.0,54
163,Male,18,2,14,Medium,3,10,95,74.33333333333333,58
164,Female,20,2,16,Medium,1,6,75,69.66666666666667,98
164,Female,20,2,20,Easy,1,6,81,90.0,64
164,Female,20,2,18,Hard,1,7,85,75.33333333333333,67
164,Female,20,2,14,Medium,1,9,74,72.0,95
164,Female,20,2,12,Medium,2,10,38,40.0,42
164,Female,20,2,17,Hard,2,10,89,83.0,57
164,Female,20,2,13,Easy,3,9,85,74.33333333333333,88
164,Female,20,2,15,Medium,3,10,83,61.666666666666664,51
165,Male,19,2,18,Hard,1,7,67,70.33333333333333,67
165,Male,19,2,11,Hard,1,6,79,84.33333333333333,70
165,Male,19,2,20,Easy,1,6,71,72.66666666666667,82
165,Male,19,2,16,Medium,1,6,76,61.333333333333336,50
165,Male,19,2,17,Hard,2,10,89,83.0,93
165,Male,19,2,18,Hard,2,6,79,93.33333333333333,63
165,Male,19,2,14,Medium,2,6,84,85.0,67
165,Male,19,2,20,Easy,2,10,99,66.0,95
165,Male,19,2,20,Easy,3,7,87,68.0,93
165,Male,19,2,12,Medium,3,10,84,70.33333333333333,99
165,Male,19,2,16,Medium,3,6,93,94.0,55
165,Male,19,2,11,Hard,3,7,96,63.666666666666664,90
165,Male,19,2,13,Easy,3,9,71,63.666666666666664,77
166,Male,22,2,15,Medium,1,9,92,66.0,97
166,Male,22,2,19,Easy,1,8,88,77.0,83
166,Male,22,2,20,Easy,1,6,32,40.666666666666664,40
166,Male,22,2,11,Hard,2,9,63,68.66666666666667,72
166,Male,22,2,13,Easy,2,7,45,43.0,47
166,Male,22,2,12,Medium,3,10,71,81.33333333333333,87
166,Male,22,2,18,Hard,3,6,77,92.66666666666667,86
166,Male,22,2,20,Easy,3,7,97,93.33333333333333,54
166,Male,22,2,16,Medium,3,6,77,80.33333333333333,81
167,Female,23,2,20,Easy,1,6,88,87.66666666666667,82
167,Female,23,2,18,Hard,1,7,65,66.0,95
167,Female,23,2,13,Easy,1,9,92,83.66666666666667,80
167,Female,23,2,14,Medium,2,6,33,43.0,45
167,Female,23,2,11,Hard,2,9,100,81.33333333333333,53
167,Female,23,2,12,Medium,2,10,98,70.33333333333333,52
167,Female,23,2,13,Easy,3,9,81,78.33333333333333,97
167,Female,23,2,16,Medium,3,6,61,78.66666666666667,93
167,Female,23,2,17,Hard,3,9,84,75.33333333333333,82
168,Female,25,2,20,Easy,1,6,32,39.666666666666664,33
168,Female,25,2,12,Medium,1,8,39,41.0,43
168,Female,25,2,11,Hard,1,6,93,80.0,81
168,Female,25,2,16,Medium,2,7,80,74.0,71
168,Female,25,2,20,Easy,2,10,80,78.33333333333333,71
168,Female,25,2,12,Medium,2,10,82,74.33333333333333,64
168,Female,25,2,19,Easy,2,9,95,72.33333333333333,96
168,Female,25,2,19,Easy,3,7,79,86.66666666666667,73
168,Female,25,2,18,Hard,3,6,53,34.0,46
168,Female,25,2,12,Medium,3,10,78,71.66666666666667,70
168,Female,25,2,16,Medium,3,6,42,37.666666666666664,46
168,Female,25,2,11,Hard,3,7,84,82.0,63
169,Male,20,2,17,Hard,1,8,89,77.0,59
169,Male,20,2,20,Easy,1,6,81,89.33333333333333,96
169,Male,20,2,15,Medium,1,9,90,67.66666666666667,50
169,Male,20,2,12,Medium,1,8,83,65.66666666666667,92
169,Male,20,2,20,Easy,2,10,61,68.0,67
169,Male,20,2,11,Hard,2,9,83,62.666666666666664,52
169,Male,20,2,18,Hard,2,6,63,61.666666666666664,65
169,Male,20,2,13,Easy,2,7,95,66.66666666666667,76
169,Male,20,2,11,Hard,3,7,94,70.0,59
169,Male,20,2,12,Medium,3,10,93,70.0,56
169,Male,20,2,14,Medium,3,10,76,83.33333333333333,84
170,Female,20,2,13,Easy,1,9,89,94.0,54
170,Female,20,2,12,Medium,1,8,79,75.33333333333333,62
170,Female,20,2,16,Medium,1,6,88,70.33333333333333,99
170,Female,20,2,18,Hard,1,7,68,59.333333333333336,81
170,Female,20,2,18,Hard,2,6,93,70.33333333333333,62
170,Female,20,2,12,Medium,2,10,34,40.666666666666664,30
170,Female,20,2,11,Hard,2,9,66,74.66666666666667,80
170,Female,20,2,19,Easy,2,9,81,62.0,100
170,Female,20,2,12,Medium,3,10,62,89.33333333333333,61
170,Female,20,2,13,Easy,3,9,59,37.666666666666664,43
171,Female,22,2,15,Medium,1,9,100,78.66666666666667,79
171,Female,22,2,19,Easy,1,8,67,58.333333333333336,97
171,Female,22,2,18,Hard,1,7,52,41.333333333333336,44
171,Female,22,2,12,Medium,1,8,61,63.0,64
171,Female,22,2,17,Hard,1,8,87,77.66666666666667,96
171,Female,22,2,14,Medium,2,6,72,78.33333333333333,73
171,Female,22,2,12,Medium,2,10,99,75.33333333333333,94
171,Female,22,2,17,Hard,2,10,63,75.66666666666667,54
171,Female,22,2,18,Hard,2,6,65,65.66666666666667,77
171,Female,22,2,11,Hard,3,7,99,73.0,65
171,Female,22,2,19,Easy,3,7,61,79.66666666666667,62
171,Female,22,2,13,Easy,3,9,67,77.0,97
172,Male,21,2,18,Hard,1,7,66,75.33333333333333,58
172,Male,21,2,11,Hard,1,6,75,69.66666666666667,66
172,Male,21,2,15,Medium,1,9,62,33.0,32
172,Male,21,2,13,Easy,2,7,65,71.66666666666667,73
172,Male,21,2,19,Easy,2,9,88,67.66666666666667,94
172,Male,21,2,12,Medium,2,10,78,86.33333333333333,96
172,Male,21,2,14,Medium,3,10,74,64.66666666666667,65
172,Male,21,2,13,Easy,3,9,88,52.333333333333336,72
172,Male,21,2,17,Hard,3,9,81,59.333333333333336,63
172,Male,21,2,12,Medium,3,10,77,58.0,59
173,Male,18,2,18,Hard,1,7,73,73.33333333333333,82
173,Male,18,2,17,Hard,1,8,71,63.666666666666664,88
173,Male,18,2,20,Easy,1,6,86,81.66666666666667,93
173,Male,18,2,15,Medium,1,9,64,83.66666666666667,80
173,Male,18,2,14,Medium,2,6,94,79.0,60
173,Male,18,2,20,Easy,2,10,47,41.666666666666664,36
173,Male,18,2,14,Medium,3,10,72,43.666666666666664,43
173,Male,18,2,18,Hard,3,6,61,40.0,48
173,Male,18,2,19,Easy,3,7,96,79.33333333333333,96
173,Male,18,2,17,Hard,3,9,99,75.66666666666667,69
174,Male,24,2,17,Hard,1,8,45,37.0,33
174,Male,24,2,11,Hard,1,6,60,41.333333333333336,37
174,Male,24,2,14,Medium,1,9,86,67.0,51
174,Male,24,2,12,Medium,2,10,86,94.66666666666667,78
174,Male,24,2,13,Easy,2,7,85,65.0,52
174,Male,24,2,14,Medium,2,6,90,79.33333333333333,66
174,Male,24,2,19,Easy,2,9,80,59.0,78
174,Male,24,2,16,Medium,3,6,52,42.0,44
174,Male,24,2,11,Hard,3,7,34,36.333333333333336,39
174,Male,24,2,17,Hard,3,9,78,78.66666666666667,85
174,Male,24,2,19,Easy,3,7,92,74.66666666666667,91
175,Female,19,2,12,Medium,1,8,65,72.66666666666667,99
175,Female,19,2,16,Medium,1,6,90,79.66666666666667,86
175,Female,19,2,20,Easy,1,6,98,72.33333333333333,100
175,Female,19,2,13,Easy,1,9,72,70.33333333333333,65
175,Female,19,2,20,Easy,2,10,49,42.333333333333336,41
175,Female,19,2,16,Medium,2,7,83,74.33333333333333,52
175,Female,19,2,14,Medium,2,6,53,36.0,43
175,Female,19,2,20,Easy,3,7,86,70.0,52
175,Female,19,2,13,Easy,3,9,84,86.0,58
175,Female,19,2,11,Hard,3,7,83,71.66666666666667,53
175,Female,19,2,17,Hard,3,9,100,71.33333333333333,72
175,Female,19,2,16,Medium,3,6,64,67.66666666666667,91
176,Female,19,2,20,Easy,1,6,90,65.33333333333333,87
176,Female,19,2,17,Hard,1,8,72,69.33333333333333,68
176,Female,19,2,16,Medium,1,6,74,71.33333333333333,94
176,Female,19,2,12,Medium,2,10,92,65.0,60
176,Female,19,2,14,Medium,2,6,85,67.0,88
176,Female,19,2,15,Medium,2,8,73,73.66666666666667,94
176,Female,19,2,15,Medium,3,10,93,79.33333333333333,80
176,Female,19,2,16,Medium,3,6,77,78.66666666666667,98
177,Male,22,2,13,Easy,1,9,93,75.0,65
177,Male,22,2,11,Hard,1,6,87,80.0,99
177,Male,22,2,12,Medium,1,8,77,82.33333333333333,89
177,Male,22,2,17,Hard,2,10,94,85.66666666666667,59
177,Male,22,2,12,Medium,2,10,68,62.666666666666664,76
177,Male,22,2,20,Easy,2,10,98,80.66666666666667,83
177,Male,22,2,16,Medium,3,6,97,97.33333333333333,79
177,Male,22,2,11,Hard,3,7,70,80.0,70
177,Male,22,2,19,Easy,3,7,49,44.0,33
178,Female,21,2,11,Hard,1,6,76,85.33333333333333,80
178,Female,21,2,14,Medium,1,9,87,77.66666666666667,58
178,Female,21,2,19,Easy,1,8,72,81.0,84
178,Female,21,2,17,Hard,1,8,68,62.0,96
178,Female,21,2,15,Medium,2,8,98,80.0,99
178,Female,21,2,18,Hard,2,6,86,75.0,69
178,Female,21,2,19,Easy,2,9,63,83.0,80
178,Female,21,2,16,Medium,2,7,78,78.66666666666667,95
178,Female,21,2,12,Medium,2,10,61,86.66666666666667,69
178,Female,21,2,14,Medium,3,10,65,76.66666666666667,56
178,Female,21,2,12,Medium,3,10,40,41.666666666666664,39
179,Female,20,2,18,Hard,1,7,45,37.333333333333336,35
179,Female,20,2,19,Easy,1,8,72,68.0,56
179,Female,20,2,20,Easy,1,6,92,86.66666666666667,56
179,Female,20,2,14,Medium,2,6,76,82.33333333333333,83
179,Female,20,2,20,Easy,2,10,67,69.66666666666667,99
179,Female,20,2,11,Hard,2,9,84,82.33333333333333,100
179,Female,20,2,16,Medium,2,7,78,69.0,55
179,Female,20,2,15,Medium,3,10,80,75.33333333333333,70
179,Female,20,2,12,Medium,3,10,73,80.0,52
179,Female,20,2,17,Hard,3,9,86,78.0,100
179,Female,20,2,16,Medium,3,6,55,37.0,41
179,Female,20,2,14,Medium,3,10,72,78.33333333333333,92
180,Female,18,2,20,Easy,1,6,78,63.0,82
180,Female,18,2,17,Hard,1,8,67,74.0,77
180,Female,18,2,13,Easy,1,9,61,61.333333333333336,75
180,Female,18,2,19,Easy,1,8,74,85.0,93
180,Female,18,2,14,Medium,2,6,80,80.66666666666667,85
180,Female,18,2,18,Hard,2,6,94,82.33333333333333,76
180,Female,18,2,17,Hard,2,10,72,92.33333333333333,96
180,Female,18,2,11,Hard,3,7,68,82.33333333333333,51
180,Female,18,2,18,Hard,3,6,78,67.33333333333333,77
180,Female,18,2,16,Medium,3,6,90,70.66666666666667,56
181,Male,21,2,13,Easy,1,9,95,78.33333333333333,57
181,Male,21,2,12,Medium,1,8,48,37.666666666666664,49
181,Male,21,2,18,Hard,1,7,61,70.66666666666667,87
181,Male,21,2,15,Medium,1,9,95,79.0,76
181,Male,21,2,16,Medium,1,6,89,75.33333333333333,95
181,Male,21,2,17,Hard,2,10,83,64.33333333333333,54
181,Male,21,2,20,Easy,2,10,72,55.333333333333336,50
181,Male,21,2,11,Hard,2,9,71,67.33333333333333,57
181,Male,21,2,13,Easy,2,7,74,71.0,96
181,Male,21,2,18,Hard,2,6,76,83.33333333333333,79
181,Male,21,2,17,Hard,3,9,90,77.66666666666667,81
181,Male,21,2,20,Easy,3,7,84,62.0,96
181,Male,21,2,15,Medium,3,10,67,73.33333333333333,93
181,Male,21,2,18,Hard,3,6,81,74.0,60
182,Male,25,2,18,Hard,1,7,85,65.0,51
182,Male,25,2,16,Medium,1,6,94,78.33333333333333,99
182,Male,25,2,17,Hard,1,8,60,78.33333333333333,96
182,Male,25,2,14,Medium,1,9,93,69.33333333333333,55
182,Male,25,2,18,Hard,2,6,64,64.66666666666667,56
182,Male,25,2,14,Medium,2,6,89,70.33333333333333,87
182,Male,25,2,12,Medium,2,10,73,42.666666666666664,41
182,Male,25,2,17,Hard,2,10,57,37.333333333333336,39
182,Male,25,2,11,Hard,2,9,60,42.666666666666664,44
182,Male,25,2,12,Medium,3,10,69,72.66666666666667,72
182,Male,25,2,18,Hard,3,6,38,35.666666666666664,49
182,Male,25,2,17,Hard,3,9,60,70.0,52
183,Male,21,2,18,Hard,1,7,60,66.66666666666667,87
183,Male,21,2,15,Medium,1,9,94,61.333333333333336,67
183,Male,21,2,12,Medium,1,8,85,90.33333333333333,57
183,Male,21,2,19,Easy,1,8,97,76.66666666666667,54
183,Male,21,2,17,Hard,2,10,87,86.66666666666667,98
183,Male,21,2,20,Easy,2,10,96,62.666666666666664,59
183,Male,21,2,14,Medium,2,6,65,83.66666666666667,64
183,Male,21,2,15,Medium,2,8,64,88.66666666666667,76
183,Male,21,2,13,Easy,3,9,75,61.0,79
183,Male,21,2,16,Medium,3,6,72,78.66666666666667,52
183,Male,21,2,17,Hard,3,9,80,72.33333333333333,62
184,Female,20,2,17,Hard,1,8,71,76.33333333333333,71
184,Female,20,2,16,Medium,1,6,50,34.0,31
184,Female,20,2,19,Easy,1,8,66,63.0,78
184,Female,20,2,14,Medium,2,6,91,69.0,67
184,Female,20,2,15,Medium,2,8,84,90.0,53
184,Female,20,2,18,Hard,2,6,64,84.0,59
184,Female,20,2,14,Medium,3,10,100,78.0,82
184,Female,20,2,18,Hard,3,6,61,85.0,98
184,Female,20,2,11,Hard,3,7,70,72.0,66
184,Female,20,2,19,Easy,3,7,67,68.33333333333333,99
185,Female,25,2,17,Hard,1,8,61,79.33333333333333,88
185,Female,25,2,19,Easy,1,8,95,65.0,78
185,Female,25,2,15,Medium,1,9,74,83.0,99
185,Female,25,2,13,Easy,1,9,78,75.66666666666667,82
185,Female,25,2,18,Hard,1,7,74,72.33333333333333,98
185,Female,25,2,11,Hard,2,9,66,70.66666666666667,52
185,Female,25,2,20,Easy,2,10,66,75.33333333333333,66
185,Female,25,2,16,Medium,2,7,93,91.0,76
185,Female,25,2,18,Hard,2,6,72,75.33333333333333,99
185,Female,25,2,11,Hard,3,7,73,89.0,87
185,Female,25,2,17,Hard,3,9,82,67.0,72
185,Female,25,2,20,Easy,3,7,66,78.66666666666667,66
186,Female,25,2,19,Easy,1,8,78,86.33333333333333,88
186,Female,25,2,14,Medium,1,9,54,40.0,41
186,Female,25,2,13,Easy,1,9,83,63.0,78
186,Female,25,2,15,Medium,2,8,73,75.0,75
186,Female,25,2,19,Easy,2,9,66,83.66666666666667,89
186,Female,25,2,17,Hard,2,10,74,82.66666666666667,86
186,Female,25,2,14,Medium,2,6,72,77.33333333333333,52
186,Female,25,2,16,Medium,3,6,76,74.33333333333333,69
186,Female,25,2,12,Medium,3,10,60,82.66666666666667,95
186,Female,25,2,20,Easy,3,7,48,41.666666666666664,39
186,Female,25,2,11,Hard,3,7,77,80.0,86
187,Male,25,2,13,Easy,1,9,96,68.33333333333333,57
187,Male,25,2,20,Easy,1,6,61,73.0,78
187,Male,25,2,19,Easy,1,8,49,32.666666666666664,37
187,Male,25,2,16,Medium,1,6,87,65.33333333333333,96
187,Male,25,2,19,Easy,2,9,78,73.33333333333333,92
187,Male,25,2,17,Hard,2,10,82,61.333333333333336,88
187,Male,25,2,20,Easy,2,10,78,73.0,55
187,Male,25,2,13,Easy,3,9,89,68.33333333333333,74
187,Male,25,2,12,Medium,3,10,80,83.33333333333333,51
187,Male,25,2,11,Hard,3,7,72,70.0,51
187,Male,25,2,15,Medium,3,10,72,83.0,69
187,Male,25,2,19,Easy,3,7,98,76.33333333333333,65
188,Female,22,2,17,Hard,1,8,39,33.0,41
188,Female,22,2,19,Easy,1,8,73,77.0,54
188,Female,22,2,11,Hard,1,6,96,55.0,80
188,Female,22,2,15,Medium,1,9,74,78.66666666666667,72
188,Female,22,2,20,Easy,1,6,86,90.0,93
188,Female,22,2,19,Easy,2,9,79,70.33333333333333,94
188,Female,22,2,13,Easy,2,7,74,41.0,37
188,Female,22,2,11,Hard,2,9,93,74.0,55
188,Female,22,2,15,Medium,2,8,83,65.33333333333333,95
188,Female,22,2,14,Medium,2,6,74,72.33333333333333,95
188,Female,22,2,18,Hard,3,6,96,72.0,50
188,Female,22,2,12,Medium,3,10,87,90.0,96
188,Female,22,2,16,Medium,3,6,96,70.0,56
188,Female,22,2,15,Medium,3,10,86,68.66666666666667,85
189,Female,23,2,20,Easy,1,6,65,93.0,74
189,Female,23,2,17,Hard,1,8,98,80.66666666666667,74
189,Female,23,2,14,Medium,1,9,92,77.66666666666667,86
189,Female,23,2,16,Medium,2,7,70,63.0,95
189,Female,23,2,14,Medium,2,6,77,88.66666666666667,60
189,Female,23,2,17,Hard,2,10,89,76.66666666666667,90
189,Female,23,2,15,Medium,3,10,44,38.0,34
189,Female,23,2,17,Hard,3,9,96,88.0,64
189,Female,23,2,12,Medium,3,10,88,80.0,90
190,Male,24,2,17,Hard,1,8,79,82.66666666666667,87
190,Male,24,2,13,Easy,1,9,71,85.33333333333333,99
190,Male,24,2,20,Easy,1,6,49,39.333333333333336,47
190,Male,24,2,16,Medium,2,7,93,83.33333333333333,60
190,Male,24,2,17,Hard,2,10,61,44.666666666666664,30
190,Male,24,2,12,Medium,2,10,100,67.66666666666667,81
190,Male,24,2,11,Hard,2,9,62,77.0,81
190,Male,24,2,16,Medium,3,6,82,68.33333333333333,73
190,Male,24,2,20,Easy,3,7,38,39.666666666666664,49
191,Female,19,2,17,Hard,1,8,70,87.0,62
191,Female,19,2,14,Medium,1,9,73,83.33333333333333,57
191,Female,19,2,12,Medium,1,8,46,40.333333333333336,44
191,Female,19,2,18,Hard,1,7,31,38.0,32
191,Female,19,2,17,Hard,2,10,100,76.66666666666667,51
191,Female,19,2,15,Medium,2,8,93,79.33333333333333,91
191,Female,19,2,20,Easy,3,7,69,79.0,92
191,Female,19,2,16,Medium,3,6,67,81.66666666666667,84
191,Female,19,2,15,Medium,3,10,60,66.33333333333333,89
192,Male,21,2,11,Hard,1,6,69,74.33333333333333,84
192,Male,21,2,15,Medium,1,9,93,93.66666666666667,56
192,Male,21,2,18,Hard,1,7,84,71.0,81
192,Male,21,2,19,Easy,1,8,68,76.33333333333333,71
192,Male,21,2,20,Easy,2,10,85,68.0,82
192,Male,21,2,16,Medium,2,7,75,66.33333333333333,76
192,Male,21,2,15,Medium,2,8,100,77.0,72
192,Male,21,2,19,Easy,2,9,76,82.66666666666667,65
192,Male,21,2,15,Medium,3,10,74,60.0,61
192,Male,21,2,13,Easy,3,9,61,72.0,94
192,Male,21,2,12,Medium,3,10,82,64.66666666666667,66
192,Male,21,2,11,Hard,3,7,77,68.0,97
193,Male,24,2,15,Medium,1,9,97,85.0,64
193,Male,24,2,12,Medium,1,8,68,67.0,64
193,Male,24,2,11,Hard,1,6,81,69.0,93
193,Male,24,2,17,Hard,1,8,60,65.66666666666667,52
193,Male,24,2,14,Medium,2,6,71,86.66666666666667,61
193,Male,24,2,13,Easy,2,7,96,63.666666666666664,93
193,Male,24,2,15,Medium,2,8,67,41.333333333333336,44
193,Male,24,2,11,Hard,3,7,74,77.33333333333333,52
193,Male,24,2,15,Medium,3,10,78,94.0,60
193,Male,24,2,14,Medium,3,10,80,72.66666666666667,77
194,Female,21,2,16,Medium,1,6,87,62.333333333333336,68
194,Female,21,2,20,Easy,1,6,89,65.66666666666667,65
194,Female,21,2,11,Hard,1,6,65,65.0,97
194,Female,21,2,19,Easy,1,8,83,69.66666666666667,61
194,Female,21,2,15,Medium,1,9,84,79.66666666666667,77
194,Female,21,2,18,Hard,2,6,91,59.333333333333336,63
194,Female,21,2,12,Medium,2,10,63,38.0,42
194,Female,21,2,15,Medium,2,8,99,88.0,98
194,Female,21,2,13,Easy,2,7,66,60.0,51
194,Female,21,2,11,Hard,3,7,61,69.0,64
194,Female,21,2,18,Hard,3,6,95,72.0,95
194,Female,21,2,17,Hard,3,9,47,39.333333333333336,38
195,Female,19,2,15,Medium,1,9,50,41.333333333333336,37
195,Female,19,2,19,Easy,1,8,78,78.33333333333333,92
195,Female,19,2,17,Hard,1,8,98,76.33333333333333,91
195,Female,19,2,18,Hard,1,7,78,67.0,53
195,Female,19,2,12,Medium,1,8,73,61.666666666666664,58
195,Female,19,2,13,Easy,2,7,81,76.0,81
195,Female,19,2,20,Easy,2,10,69,72.66666666666667,87
195,Female,19,2,17,Hard,2,10,96,85.0,61
195,Female,19,2,16,Medium,3,6,86,87.0,77
195,Female,19,2,18,Hard,3,6,72,76.66666666666667,96
195,Female,19,2,12,Medium,3,10,87,75.66666666666667,84
196,Female,21,2,20,Easy,1,6,49,35.0,41
196,Female,21,2,12,Medium,1,8,72,81.0,96
196,Female,21,2,18,Hard,1,7,73,37.0,38
196,Female,21,2,11,Hard,1,6,85,69.0,79
196,Female,21,2,11,Hard,2,9,87,76.0,85
196,Female,21,2,14,Medium,2,6,85,69.33333333333333,77
196,Female,21,2,19,Easy,2,9,68,79.66666666666667,68
196,Female,21,2,13,Easy,2,7,62,83.33333333333333,58
196,Female,21,2,18,Hard,3,6,89,74.33333333333333,99
196,Female,21,2,16,Medium,3,6,70,85.0,63
196,Female,21,2,19,Easy,3,7,84,67.66666666666667,97
196,Female,21,2,15,Medium,3,10,86,63.666666666666664,61
197,Female,20,2,15,Medium,1,9,90,88.0,50
197,Female,20,2,11,Hard,1,6,72,71.0,54
197,Female,20,2,12,Medium,1,8,71,81.66666666666667,91
197,Female,20,2,11,Hard,2,9,97,60.333333333333336,71
197,Female,20,2,12,Medium,2,10,88,69.33333333333333,53
197,Female,20,2,15,Medium,2,8,99,69.33333333333333,68
197,Female,20,2,11,Hard,3,7,78,63.333333333333336,92
197,Female,20,2,12,Medium,3,10,69,62.666666666666664,80
197,Female,20,2,15,Medium,3,10,76,70.66666666666667,82
197,Female,20,2,13,Easy,3,9,88,87.33333333333333,52
198,Female,20,2,15,Medium,1,9,73,75.66666666666667,59
198,Female,20,2,16,Medium,1,6,77,65.33333333333333,77
198,Female,20,2,14,Medium,1,9,74,64.33333333333333,63
198,Female,20,2,14,Medium,2,6,75,69.66666666666667,98
198,Female,20,2,15,Medium,2,8,82,59.0,95
198,Female,20,2,16,Medium,3,6,63,44.333333333333336,30
198,Female,20,2,15,Medium,3,10,69,88.0,61
198,Female,20,2,12,Medium,3,10,77,85.33333333333333,75
199,Male,25,2,14,Medium,1,9,68,42.0,41
199,Male,25,2,15,Medium,1,9,52,43.0,33
199,Male,25,2,16,Medium,1,6,87,76.33333333333333,69
199,Male,25,2,13,Easy,1,9,100,76.33333333333333,85
199,Male,25,2,20,Easy,2,10,89,70.66666666666667,86
199,Male,25,2,12,Medium,2,10,81,83.33333333333333,83
199,Male,25,2,16,Medium,3,6,88,72.0,74
199,Male,25,2,12,Medium,3,10,62,84.33333333333333,69
199,Male,25,2,15,Medium,3,10,77,89.66666666666667,60
199,Male,25,2,19,Easy,3,7,96,87.0,94
200,Female,25,2,16,Medium,1,6,83,82.0,80
200,Female,25,2,12,Medium,1,8,46,40.666666666666664,30
200,Female,25,2,20,Easy,1,6,74,79.66666666666667,70
200,Female,25,2,11,Hard,1,6,97,57.333333333333336,66
200,Female,25,2,11,Hard,2,9,55,38.666666666666664,39
200,Female,25,2,20,Easy,2,10,84,66.66666666666667,93
200,Female,25,2,18,Hard,2,6,64,70.66666666666667,81
200,Female,25,2,13,Easy,2,7,96,77.33333333333333,74
200,Female,25,2,14,Medium,3,10,70,81.0,74
200,Female,25,2,19,Easy,3,7,76,70.0,83
200,Female,25,2,20,Easy,3,7,79,65.33333333333333,55
